service;categorie;Nom_couche_plugin;nom_technique;url;source;style;metadonnees;nom_bdd;nom_schema
WFS;Agriculture;Bandes tampons des cours d'eau BCAE 4;HYDROGRAPHY.BCAE.LATEST:bcae_cours_eau;https://data.geopf.fr/wfs/ows?SERVICE=WFS&VERSION=2.0.0&REQUEST=GetCapabilities;MASA;;https://raw.githack.com/CEN-Nouvelle-Aquitaine/fluxcen/main/missing_metadata.html;None;None
WMS Raster;Fonds cartos;SCAN 50® Historique 1950;GEOGRAPHICALGRIDSYSTEMS.MAPS.SCAN50.1950;https://data.geopf.fr/wms-r/wms?SERVICE=WMS&VERSION=1.3.0&REQUEST=GetCapabilities;IGN;;https://raw.githack.com/CEN-Nouvelle-Aquitaine/fluxcen/main/missing_metadata.html;None;None
WMS Raster;Fonds cartos;PLAN IGN;GEOGRAPHICALGRIDSYSTEMS.PLANIGNV2;https://data.geopf.fr/wms-r/wms?SERVICE=WMS&VERSION=1.3.0&REQUEST=GetCapabilities;IGN;;https://raw.githack.com/CEN-Nouvelle-Aquitaine/fluxcen/main/missing_metadata.html;None;None
WMS Raster;Fonds cartos;SCAN 1000®;SCAN1000_PYR-JPEG_WLD_WM;https://data.geopf.fr/wms-r/wms?SERVICE=WMS&VERSION=1.3.0&REQUEST=GetCapabilities;IGN;;https://raw.githack.com/CEN-Nouvelle-Aquitaine/fluxcen/main/missing_metadata.html;None;None
WMS Raster;Fonds cartos;SCAN Departemental®;SCANDEP_PYR-JPEG_FXX_WM;https://data.geopf.fr/wms-r/wms?SERVICE=WMS&VERSION=1.3.0&REQUEST=GetCapabilities;IGN;;https://raw.githack.com/CEN-Nouvelle-Aquitaine/fluxcen/main/missing_metadata.html;None;None
WMS Raster;Fonds cartos;SCAN Regional®;SCANREG_PYR-JPEG_WLD_WM;https://data.geopf.fr/wms-r/wms?SERVICE=WMS&VERSION=1.3.0&REQUEST=GetCapabilities;IGN;;https://raw.githack.com/CEN-Nouvelle-Aquitaine/fluxcen/main/missing_metadata.html;None;None
WMS Vecteur;Fonds cartos;Graphe de mosaiquage SCAN 25;GEOGRAPHICALGRIDSYSTEMS.MAPS.SCAN25.GRAPHE-MOSAIQUAGE;https://data.geopf.fr/wms-v/ows?service=wms&version=1.3.0&request=GetCapabilities;IGN;;https://raw.githack.com/CEN-Nouvelle-Aquitaine/fluxcen/main/missing_metadata.html;None;None
WMS Raster;CLC;Corine Land Cover Changements 1990-2000 - France Metropolitaine ;LANDCOVER.CHA00_FR;https://data.geopf.fr/wms-r/wms?SERVICE=WMS&VERSION=1.3.0&REQUEST=GetCapabilities;MTECT;;https://raw.githack.com/CEN-Nouvelle-Aquitaine/fluxcen/main/missing_metadata.html;None;None
WMS Raster;CLC;Corine Land Cover Changements 2000-2006 - France Metropolitaine ;LANDCOVER.CHA06_FR;https://data.geopf.fr/wms-r/wms?SERVICE=WMS&VERSION=1.3.0&REQUEST=GetCapabilities;MTECT;;https://raw.githack.com/CEN-Nouvelle-Aquitaine/fluxcen/main/missing_metadata.html;None;None
WMS Raster;CLC;Corine Land Cover Changements 2006-2012 – France Metropolitaine ;LANDCOVER.CHA12_FR;https://data.geopf.fr/wms-r/wms?SERVICE=WMS&VERSION=1.3.0&REQUEST=GetCapabilities;MTECT;;https://raw.githack.com/CEN-Nouvelle-Aquitaine/fluxcen/main/missing_metadata.html;None;None
WMS Raster;CLC;Corine Land Cover Changements 2012-2018 – France Metropolitaine ;LANDCOVER.CHA18_FR;https://data.geopf.fr/wms-r/wms?SERVICE=WMS&VERSION=1.3.0&REQUEST=GetCapabilities;MTECT;;https://raw.githack.com/CEN-Nouvelle-Aquitaine/fluxcen/main/missing_metadata.html;None;None
WMS Raster;CLC;Corine Land Cover 2000 - France Metropolitaine ;LANDCOVER.CLC00_FR;https://data.geopf.fr/wms-r/wms?SERVICE=WMS&VERSION=1.3.0&REQUEST=GetCapabilities;MTECT;;https://raw.githack.com/CEN-Nouvelle-Aquitaine/fluxcen/main/missing_metadata.html;None;None
WMS Raster;CLC;Corine Land Cover 2006 revisee - France Metropolitaine ;LANDCOVER.CLC06R_FR;https://data.geopf.fr/wms-r/wms?SERVICE=WMS&VERSION=1.3.0&REQUEST=GetCapabilities;MTECT;;https://raw.githack.com/CEN-Nouvelle-Aquitaine/fluxcen/main/missing_metadata.html;None;None
WMS Raster;CLC;Corine Land Cover 2012 revisee - France Metropolitaine ;LANDCOVER.CLC12R_FR;https://data.geopf.fr/wms-r/wms?SERVICE=WMS&VERSION=1.3.0&REQUEST=GetCapabilities;MTECT;;https://raw.githack.com/CEN-Nouvelle-Aquitaine/fluxcen/main/missing_metadata.html;None;None
WMS Raster;CLC;Corine Land Cover 2018 - France Metropolitaine ;LANDCOVER.CLC18_FR;https://data.geopf.fr/wms-r/wms?SERVICE=WMS&VERSION=1.3.0&REQUEST=GetCapabilities;MTECT;;https://raw.githack.com/CEN-Nouvelle-Aquitaine/fluxcen/main/missing_metadata.html;None;None
WFS;Périmètres écologiques;Mesures compensatoires des atteintes a la biodiversite _emprises commune;MESURES_COMPENSATOIRES:emprises_commune;https://data.geopf.fr/wfs/ows?SERVICE=WFS&VERSION=2.0.0&REQUEST=GetCapabilities;CEREMA;;https://raw.githack.com/CEN-Nouvelle-Aquitaine/fluxcen/main/missing_metadata.html;None;None
WFS;Périmètres écologiques;Mesures compensatoires des atteintes a la biodiversite _emprises_lineaires;MESURES_COMPENSATOIRES:emprises_lineaires;https://data.geopf.fr/wfs/ows?SERVICE=WFS&VERSION=2.0.0&REQUEST=GetCapabilities;CEREMA;;https://raw.githack.com/CEN-Nouvelle-Aquitaine/fluxcen/main/missing_metadata.html;None;None
WFS;Périmètres écologiques;Mesures compensatoires des atteintes a la biodiversite _emprises_polygones;MESURES_COMPENSATOIRES:emprises_polygones;https://data.geopf.fr/wfs/ows?SERVICE=WFS&VERSION=2.0.0&REQUEST=GetCapabilities;CEREMA;;https://raw.githack.com/CEN-Nouvelle-Aquitaine/fluxcen/main/missing_metadata.html;None;None
WFS;Périmètres écologiques;Mesures compensatoires des atteintes a la biodiversite _emprises_ponctuelles;MESURES_COMPENSATOIRES:emprises_ponctuelles;https://data.geopf.fr/wfs/ows?SERVICE=WFS&VERSION=2.0.0&REQUEST=GetCapabilities;CEREMA;;https://raw.githack.com/CEN-Nouvelle-Aquitaine/fluxcen/main/missing_metadata.html;None;None
WMS Raster;Fonds cartos;Carte de l'etat-major 1 : 40 000  L93 (1820-1866);SCANEM40_PYR_PNG_FXX_LAMB93;https://data.geopf.fr/wms-r/wms?SERVICE=WMS&VERSION=1.3.0&REQUEST=GetCapabilities;IGN;;https://raw.githack.com/CEN-Nouvelle-Aquitaine/fluxcen/main/missing_metadata.html;None;None
WMS Raster;Fonds cartos;BD ORTHO®;HR.ORTHOIMAGERY.ORTHOPHOTOS;https://data.geopf.fr/wms-r/wms?SERVICE=WMS&VERSION=1.3.0&REQUEST=GetCapabilities;IGN;;https://geoservices.ign.fr/documentation/donnees/ortho/bdortho;None;None
WMS Raster;Réglementation drone;Zones interdites a la captation aerienne des donnees (ZICAD);ORTHOIMAGERY.ORTHOPHOS.RESTRICTEDAREAS;https://data.geopf.fr/wms-r/wms?SERVICE=WMS&VERSION=1.3.0&REQUEST=GetCapabilities;IGN;;https://raw.githack.com/CEN-Nouvelle-Aquitaine/fluxcen/main/missing_metadata.html;None;None
WMS Raster;Fonds cartos;ORTHO Express IRC 2023;ORTHOIMAGERY.ORTHOPHOTOS.IRC-EXPRESS.2023;https://data.geopf.fr/wms-r/wms?SERVICE=WMS&VERSION=1.3.0&REQUEST=GetCapabilities;IGN;;https://raw.githack.com/CEN-Nouvelle-Aquitaine/fluxcen/main/missing_metadata.html;None;None
WMS Raster;Fonds cartos;ORTHO Express 2024;ORTHOIMAGERY.ORTHOPHOTOS.ORTHO-EXPRESS.2024;https://data.geopf.fr/wms-r/wms?SERVICE=WMS&VERSION=1.3.0&REQUEST=GetCapabilities;IGN;;https://raw.githack.com/CEN-Nouvelle-Aquitaine/fluxcen/main/missing_metadata.html;None;None
WMS Raster;Fonds cartos historiques;Carte de Cassini;BNF-IGNF_GEOGRAPHICALGRIDSYSTEMS.CASSINI;https://data.geopf.fr/wms-r;IGN / BNF;;https://www.ign.fr/institut/espace-presse/une-nouvelle-version-interactive-de-la-carte-de-cassini-sur-le-geoportail;None;None
WMS Raster;Fonds cartos historiques;Photographies aeriennes 1950-1965;ORTHOIMAGERY.ORTHOPHOTOS.1950-1965;https://data.geopf.fr/wms-r/wms?SERVICE=WMS&VERSION=1.3.0&REQUEST=GetCapabilities;IGN;;https://raw.githack.com/CEN-Nouvelle-Aquitaine/fluxcen/main/missing_metadata.html;None;None
WMS Raster;Fonds cartos historiques;Photographies aeriennes 2000;ORTHOIMAGERY.ORTHOPHOTOS2000;https://data.geopf.fr/wms-r/wms?SERVICE=WMS&VERSION=1.3.0&REQUEST=GetCapabilities;IGN;;https://raw.githack.com/CEN-Nouvelle-Aquitaine/fluxcen/main/missing_metadata.html;None;None
WMS Raster;Fonds cartos historiques;Photographies aeriennes 2001;ORTHOIMAGERY.ORTHOPHOTOS2001;https://data.geopf.fr/wms-r/wms?SERVICE=WMS&VERSION=1.3.0&REQUEST=GetCapabilities;IGN;;https://raw.githack.com/CEN-Nouvelle-Aquitaine/fluxcen/main/missing_metadata.html;None;None
WMS Raster;Fonds cartos historiques;Photographies aeriennes 2002;ORTHOIMAGERY.ORTHOPHOTOS2002;https://data.geopf.fr/wms-r/wms?SERVICE=WMS&VERSION=1.3.0&REQUEST=GetCapabilities;IGN;;https://raw.githack.com/CEN-Nouvelle-Aquitaine/fluxcen/main/missing_metadata.html;None;None
WMS Raster;Fonds cartos historiques;Photographies aeriennes 2003;ORTHOIMAGERY.ORTHOPHOTOS2003;https://data.geopf.fr/wms-r/wms?SERVICE=WMS&VERSION=1.3.0&REQUEST=GetCapabilities;IGN;;https://raw.githack.com/CEN-Nouvelle-Aquitaine/fluxcen/main/missing_metadata.html;None;None
WMS Raster;Fonds cartos historiques;Photographies aeriennes 2004;ORTHOIMAGERY.ORTHOPHOTOS2004;https://data.geopf.fr/wms-r/wms?SERVICE=WMS&VERSION=1.3.0&REQUEST=GetCapabilities;IGN;;https://raw.githack.com/CEN-Nouvelle-Aquitaine/fluxcen/main/missing_metadata.html;None;None
WMS Raster;Fonds cartos historiques;Photographies aeriennes 2005;ORTHOIMAGERY.ORTHOPHOTOS2005;https://data.geopf.fr/wms-r/wms?SERVICE=WMS&VERSION=1.3.0&REQUEST=GetCapabilities;IGN;;https://raw.githack.com/CEN-Nouvelle-Aquitaine/fluxcen/main/missing_metadata.html;None;None
WMS Raster;Fonds cartos historiques;Photographies aeriennes 2006;ORTHOIMAGERY.ORTHOPHOTOS2006;https://data.geopf.fr/wms-r/wms?SERVICE=WMS&VERSION=1.3.0&REQUEST=GetCapabilities;IGN;;https://raw.githack.com/CEN-Nouvelle-Aquitaine/fluxcen/main/missing_metadata.html;None;None
WMS Raster;Fonds cartos historiques;Photographies aeriennes 2007;ORTHOIMAGERY.ORTHOPHOTOS2007;https://data.geopf.fr/wms-r/wms?SERVICE=WMS&VERSION=1.3.0&REQUEST=GetCapabilities;IGN;;https://raw.githack.com/CEN-Nouvelle-Aquitaine/fluxcen/main/missing_metadata.html;None;None
WMS Raster;Fonds cartos historiques;Photographies aeriennes 2008;ORTHOIMAGERY.ORTHOPHOTOS2008;https://data.geopf.fr/wms-r/wms?SERVICE=WMS&VERSION=1.3.0&REQUEST=GetCapabilities;IGN;;https://raw.githack.com/CEN-Nouvelle-Aquitaine/fluxcen/main/missing_metadata.html;None;None
WMS Raster;Fonds cartos historiques;Photographies aeriennes 2009;ORTHOIMAGERY.ORTHOPHOTOS2009;https://data.geopf.fr/wms-r/wms?SERVICE=WMS&VERSION=1.3.0&REQUEST=GetCapabilities;IGN;;https://raw.githack.com/CEN-Nouvelle-Aquitaine/fluxcen/main/missing_metadata.html;None;None
WMS Raster;Fonds cartos historiques;Photographies aeriennes 2010;ORTHOIMAGERY.ORTHOPHOTOS2010;https://data.geopf.fr/wms-r/wms?SERVICE=WMS&VERSION=1.3.0&REQUEST=GetCapabilities;IGN;;https://raw.githack.com/CEN-Nouvelle-Aquitaine/fluxcen/main/missing_metadata.html;None;None
WMS Raster;Fonds cartos historiques;Photographies aeriennes 2011;ORTHOIMAGERY.ORTHOPHOTOS2011;https://data.geopf.fr/wms-r/wms?SERVICE=WMS&VERSION=1.3.0&REQUEST=GetCapabilities;IGN;;https://raw.githack.com/CEN-Nouvelle-Aquitaine/fluxcen/main/missing_metadata.html;None;None
WMS Raster;Fonds cartos historiques;Photographies aeriennes 2012;ORTHOIMAGERY.ORTHOPHOTOS2012;https://data.geopf.fr/wms-r/wms?SERVICE=WMS&VERSION=1.3.0&REQUEST=GetCapabilities;IGN;;https://raw.githack.com/CEN-Nouvelle-Aquitaine/fluxcen/main/missing_metadata.html;None;None
WMS Raster;Fonds cartos historiques;Photographies aeriennes 2013;ORTHOIMAGERY.ORTHOPHOTOS2013;https://data.geopf.fr/wms-r/wms?SERVICE=WMS&VERSION=1.3.0&REQUEST=GetCapabilities;IGN;;https://raw.githack.com/CEN-Nouvelle-Aquitaine/fluxcen/main/missing_metadata.html;None;None
WMS Raster;Fonds cartos historiques;Photographies aeriennes 2014;ORTHOIMAGERY.ORTHOPHOTOS2014;https://data.geopf.fr/wms-r/wms?SERVICE=WMS&VERSION=1.3.0&REQUEST=GetCapabilities;IGN;;https://raw.githack.com/CEN-Nouvelle-Aquitaine/fluxcen/main/missing_metadata.html;None;None
WMS Raster;Fonds cartos historiques;Photographies aeriennes 2015;ORTHOIMAGERY.ORTHOPHOTOS2015;https://data.geopf.fr/wms-r/wms?SERVICE=WMS&VERSION=1.3.0&REQUEST=GetCapabilities;IGN;;https://raw.githack.com/CEN-Nouvelle-Aquitaine/fluxcen/main/missing_metadata.html;None;None
WMS Raster;Fonds cartos historiques;Photographies aeriennes 2016;ORTHOIMAGERY.ORTHOPHOTOS2016;https://data.geopf.fr/wms-r/wms?SERVICE=WMS&VERSION=1.3.0&REQUEST=GetCapabilities;IGN;;https://raw.githack.com/CEN-Nouvelle-Aquitaine/fluxcen/main/missing_metadata.html;None;None
WMS Raster;Fonds cartos historiques;Photographies aeriennes 2017;ORTHOIMAGERY.ORTHOPHOTOS2017;https://data.geopf.fr/wms-r/wms?SERVICE=WMS&VERSION=1.3.0&REQUEST=GetCapabilities;IGN;;https://raw.githack.com/CEN-Nouvelle-Aquitaine/fluxcen/main/missing_metadata.html;None;None
WMS Raster;Fonds cartos historiques;Photographies aeriennes 2018;ORTHOIMAGERY.ORTHOPHOTOS2018;https://data.geopf.fr/wms-r/wms?SERVICE=WMS&VERSION=1.3.0&REQUEST=GetCapabilities;IGN;;https://raw.githack.com/CEN-Nouvelle-Aquitaine/fluxcen/main/missing_metadata.html;None;None
WMS Raster;Fonds cartos historiques;Photographies aeriennes 2019;ORTHOIMAGERY.ORTHOPHOTOS2019;https://data.geopf.fr/wms-r/wms?SERVICE=WMS&VERSION=1.3.0&REQUEST=GetCapabilities;IGN;;https://raw.githack.com/CEN-Nouvelle-Aquitaine/fluxcen/main/missing_metadata.html;None;None
WMS Raster;Fonds cartos historiques;Photographies aeriennes 2020;ORTHOIMAGERY.ORTHOPHOTOS2020;https://data.geopf.fr/wms-r/wms?SERVICE=WMS&VERSION=1.3.0&REQUEST=GetCapabilities;IGN;;https://raw.githack.com/CEN-Nouvelle-Aquitaine/fluxcen/main/missing_metadata.html;None;None
WMS Raster;Fonds cartos historiques;Photographies aeriennes 2021;ORTHOIMAGERY.ORTHOPHOTOS2021;https://data.geopf.fr/wms-r/wms?SERVICE=WMS&VERSION=1.3.0&REQUEST=GetCapabilities;IGN;;https://raw.githack.com/CEN-Nouvelle-Aquitaine/fluxcen/main/missing_metadata.html;None;None
WMS Raster;Fonds cartos historiques;Photographies aeriennes 2022;ORTHOIMAGERY.ORTHOPHOTOS2022;https://data.geopf.fr/wms-r/wms?SERVICE=WMS&VERSION=1.3.0&REQUEST=GetCapabilities;IGN;;https://raw.githack.com/CEN-Nouvelle-Aquitaine/fluxcen/main/missing_metadata.html;None;None
WMS Raster;Satelitte;Pleiades 2012;ORTHOIMAGERY.ORTHO-SAT.PLEIADES.2012;https://data.geopf.fr/wms-r/wms?SERVICE=WMS&VERSION=1.3.0&REQUEST=GetCapabilities;CNES;;https://raw.githack.com/CEN-Nouvelle-Aquitaine/fluxcen/main/missing_metadata.html;None;None
WMS Raster;Satelitte;Pleiades 2013;ORTHOIMAGERY.ORTHO-SAT.PLEIADES.2013;https://data.geopf.fr/wms-r/wms?SERVICE=WMS&VERSION=1.3.0&REQUEST=GetCapabilities;CNES;;https://raw.githack.com/CEN-Nouvelle-Aquitaine/fluxcen/main/missing_metadata.html;None;None
WMS Raster;Satelitte;Pleiades 2014;ORTHOIMAGERY.ORTHO-SAT.PLEIADES.2014;https://data.geopf.fr/wms-r/wms?SERVICE=WMS&VERSION=1.3.0&REQUEST=GetCapabilities;CNES;;https://raw.githack.com/CEN-Nouvelle-Aquitaine/fluxcen/main/missing_metadata.html;None;None
WMS Raster;Satelitte;Pleiades 2015;ORTHOIMAGERY.ORTHO-SAT.PLEIADES.2015;https://data.geopf.fr/wms-r/wms?SERVICE=WMS&VERSION=1.3.0&REQUEST=GetCapabilities;CNES;;https://raw.githack.com/CEN-Nouvelle-Aquitaine/fluxcen/main/missing_metadata.html;None;None
WMS Raster;Satelitte;Pleiades 2016;ORTHOIMAGERY.ORTHO-SAT.PLEIADES.2016;https://data.geopf.fr/wms-r/wms?SERVICE=WMS&VERSION=1.3.0&REQUEST=GetCapabilities;CNES;;https://raw.githack.com/CEN-Nouvelle-Aquitaine/fluxcen/main/missing_metadata.html;None;None
WMS Raster;Satelitte;Pleiades 2017;ORTHOIMAGERY.ORTHO-SAT.PLEIADES.2017;https://data.geopf.fr/wms-r/wms?SERVICE=WMS&VERSION=1.3.0&REQUEST=GetCapabilities;CNES;;https://raw.githack.com/CEN-Nouvelle-Aquitaine/fluxcen/main/missing_metadata.html;None;None
WMS Raster;Satelitte;Pleiades 2018;ORTHOIMAGERY.ORTHO-SAT.PLEIADES.2018;https://data.geopf.fr/wms-r/wms?SERVICE=WMS&VERSION=1.3.0&REQUEST=GetCapabilities;CNES;;https://raw.githack.com/CEN-Nouvelle-Aquitaine/fluxcen/main/missing_metadata.html;None;None
WMS Raster;Satelitte;Pleiades 2019;ORTHOIMAGERY.ORTHO-SAT.PLEIADES.2019;https://data.geopf.fr/wms-r/wms?SERVICE=WMS&VERSION=1.3.0&REQUEST=GetCapabilities;CNES;;https://raw.githack.com/CEN-Nouvelle-Aquitaine/fluxcen/main/missing_metadata.html;None;None
WMS Raster;Satelitte;Pleiades 2020;ORTHOIMAGERY.ORTHO-SAT.PLEIADES.2020;https://data.geopf.fr/wms-r/wms?SERVICE=WMS&VERSION=1.3.0&REQUEST=GetCapabilities;CNES;;https://raw.githack.com/CEN-Nouvelle-Aquitaine/fluxcen/main/missing_metadata.html;None;None
WMS Raster;Satelitte;Pleiades 2021;ORTHOIMAGERY.ORTHO-SAT.PLEIADES.2021;https://data.geopf.fr/wms-r/wms?SERVICE=WMS&VERSION=1.3.0&REQUEST=GetCapabilities;CNES;;https://raw.githack.com/CEN-Nouvelle-Aquitaine/fluxcen/main/missing_metadata.html;None;None
WMS Raster;Satelitte;Pleiades 2022;ORTHOIMAGERY.ORTHO-SAT.PLEIADES.2022;https://data.geopf.fr/wms-r/wms?SERVICE=WMS&VERSION=1.3.0&REQUEST=GetCapabilities;CNES;;https://raw.githack.com/CEN-Nouvelle-Aquitaine/fluxcen/main/missing_metadata.html;None;None
WMS Raster;Satelitte;SPOT 2020;ORTHOIMAGERY.ORTHO-SAT.SPOT.2020;https://data.geopf.fr/wms-r/wms?SERVICE=WMS&VERSION=1.3.0&REQUEST=GetCapabilities;CNES;;https://raw.githack.com/CEN-Nouvelle-Aquitaine/fluxcen/main/missing_metadata.html;None;None
WMS Raster;Satelitte;SPOT 2021;ORTHOIMAGERY.ORTHO-SAT.SPOT.2021;https://data.geopf.fr/wms-r/wms?SERVICE=WMS&VERSION=1.3.0&REQUEST=GetCapabilities;CNES;;https://raw.githack.com/CEN-Nouvelle-Aquitaine/fluxcen/main/missing_metadata.html;None;None
WMS Raster;Réglementation drone;Restrictions pour drones de loisir;TRANSPORTS.DRONES.RESTRICTIONS;https://data.geopf.fr/wms-r/wms?SERVICE=WMS&VERSION=1.3.0&REQUEST=GetCapabilities;DGAC;;https://raw.githack.com/CEN-Nouvelle-Aquitaine/fluxcen/main/missing_metadata.html;None;None
WFS;Périmètres écologiques;Arrêtés de protection de biotope;Arretes_de_protection_de_biotope;http://ws.carmencarto.fr/WFS/119/fxx_inpn?;INPN;;https://raw.githack.com/CEN-Nouvelle-Aquitaine/fluxcen/main/missing_metadata.html;None;None
WFS;Périmètres écologiques;Parcs nationaux;Parcs_nationaux;http://ws.carmencarto.fr/WFS/119/fxx_inpn?;INPN;;https://raw.githack.com/CEN-Nouvelle-Aquitaine/fluxcen/main/missing_metadata.html;None;None
WFS;Périmètres écologiques;Parcs naturels marins;Parc_naturel_marin;http://ws.carmencarto.fr/WFS/119/fxx_inpn?;INPN;;https://raw.githack.com/CEN-Nouvelle-Aquitaine/fluxcen/main/missing_metadata.html;None;None
WFS;Périmètres écologiques;Parcs naturels régionaux;Parcs_naturels_regionaux;http://ws.carmencarto.fr/WFS/119/fxx_inpn?;INPN;;https://raw.githack.com/CEN-Nouvelle-Aquitaine/fluxcen/main/missing_metadata.html;None;None
WFS;Périmètres écologiques;Réserves naturelles Nationales;Reserves_Naturelles_Nationales;http://ws.carmencarto.fr/WFS/119/fxx_inpn?;INPN;RNN;https://raw.githack.com/CEN-Nouvelle-Aquitaine/fluxcen/main/missing_metadata.html;None;None
WFS;Périmètres écologiques;Réserves naturelles Régionales;Reserves_naturelles_regionales;http://ws.carmencarto.fr/WFS/119/fxx_inpn?;INPN;RNR;https://raw.githack.com/CEN-Nouvelle-Aquitaine/fluxcen/main/missing_metadata.html;None;None
WFS;Périmètres écologiques;Sites d'importance communautaire (SIC - Natura 2000);Sites_d_importance_communautaire;http://ws.carmencarto.fr/WFS/119/fxx_inpn?;INPN;;https://raw.githack.com/CEN-Nouvelle-Aquitaine/fluxcen/main/missing_metadata.html;None;None
WFS;Périmètres écologiques;Sites d'importance communautaire publiés au JOUE (ZSC/SIC - Natura 2000);Sites_d_importance_communautaire_JOUE__ZSC_SIC_;http://ws.carmencarto.fr/WFS/119/fxx_inpn?;INPN;;https://raw.githack.com/CEN-Nouvelle-Aquitaine/fluxcen/main/missing_metadata.html;None;None
WFS;Périmètres écologiques;ZNIEFF de type 1;Znieff1;http://ws.carmencarto.fr/WFS/119/fxx_inpn?;INPN;znieff1;https://raw.githack.com/CEN-Nouvelle-Aquitaine/fluxcen/main/missing_metadata.html;None;None
WFS;Périmètres écologiques;ZNIEFF de type 2;Znieff2;http://ws.carmencarto.fr/WFS/119/fxx_inpn?;INPN;znieff2;https://raw.githack.com/CEN-Nouvelle-Aquitaine/fluxcen/main/missing_metadata.html;None;None
WFS;Périmètres écologiques;Zones Importantes pour la Conservation des Oiseaux;ZICO;http://ws.carmencarto.fr/WFS/119/fxx_inpn?;INPN;;https://raw.githack.com/CEN-Nouvelle-Aquitaine/fluxcen/main/missing_metadata.html;None;None
WFS;Périmètres écologiques;Zones de Protection Spéciales (ZPS - Natura 2000);Zones_de_protection_speciale;http://ws.carmencarto.fr/WFS/119/fxx_inpn?;INPN;;https://raw.githack.com/CEN-Nouvelle-Aquitaine/fluxcen/main/missing_metadata.html;None;None
WFS;Périmètres écologiques;Réserves Nationales de Chasse et de Faune Sauvage;Reserves_nationales_de_chasse_et_faune_sauvage;http://ws.carmencarto.fr/WFS/119/fxx_inpn?;INPN;;https://raw.githack.com/CEN-Nouvelle-Aquitaine/fluxcen/main/missing_metadata.html;None;None
WFS;Périmètres écologiques;Réserves de Biosphère;Reserves_de_la_biosphere;http://ws.carmencarto.fr/WFS/119/fxx_inpn?;INPN;;https://raw.githack.com/CEN-Nouvelle-Aquitaine/fluxcen/main/missing_metadata.html;None;None
WFS;Périmètres écologiques;Réserves biologiques;Reserves_biologiques;http://ws.carmencarto.fr/WFS/119/fxx_inpn?;INPN;;https://raw.githack.com/CEN-Nouvelle-Aquitaine/fluxcen/main/missing_metadata.html;None;None
WFS;Périmètres écologiques;Arretés de protection d'habitats naturels;Arretes_de_protection_d_habitats_naturels;http://ws.carmencarto.fr/WFS/119/fxx_inpn?;INPN;;https://raw.githack.com/CEN-Nouvelle-Aquitaine/fluxcen/main/missing_metadata.html;None;None
WFS;Périmètres écologiques;Inventaire National du Patrimoine Géologique;INPG;http://ws.carmencarto.fr/WFS/119/fxx_inpn?;INPN;;https://raw.githack.com/CEN-Nouvelle-Aquitaine/fluxcen/main/missing_metadata.html;None;None
WFS;Périmètres écologiques;Sites Ramsar;Sites_Ramsar;http://ws.carmencarto.fr/WFS/119/fxx_inpn?;INPN;;https://raw.githack.com/CEN-Nouvelle-Aquitaine/fluxcen/main/missing_metadata.html;None;None
WFS;Périmètres écologiques;Terrains du Conservatoire de Littoral;Terrains_du_Conservatoire_du_Littoral;http://ws.carmencarto.fr/WFS/119/fxx_inpn?;INPN;;https://raw.githack.com/CEN-Nouvelle-Aquitaine/fluxcen/main/missing_metadata.html;None;None
WFS;Périmètres écologiques;Terrains gérés par les Conservatoires d'espaces naturels;CEN_MU;http://ws.carmencarto.fr/WFS/119/fxx_inpn?;INPN;;https://raw.githack.com/CEN-Nouvelle-Aquitaine/fluxcen/main/missing_metadata.html;None;None
WFS;Géologie;Tableau d'assemblage des cartes géologiques au 1/50 000ème imprimées;SCAN_F_GEOL50_CATALOG;http://geoservices.brgm.fr/geologie;BRGM;;https://raw.githack.com/CEN-Nouvelle-Aquitaine/fluxcen/main/missing_metadata.html;None;None
WMS Raster;Géologie;IDPR - Indice de Développement et de Persistance des Réseaux;IDPR;http://geoservices.brgm.fr/geologie;BRGM;;https://raw.githack.com/CEN-Nouvelle-Aquitaine/fluxcen/main/missing_metadata.html;None;None
WMS Raster;Géologie;GéoServices : géologie, hydrogéologie et gravimétrie;GEOSERVICES_GEOLOGIE;http://geoservices.brgm.fr/geologie;BRGM;;https://raw.githack.com/CEN-Nouvelle-Aquitaine/fluxcen/main/missing_metadata.html;None;None
WMS Raster;Géologie;Carte lithologique simplifiée au 1/1 000 000;LITHO_1M_SIMPLIFIEE;http://geoservices.brgm.fr/geologie;BRGM;;https://raw.githack.com/CEN-Nouvelle-Aquitaine/fluxcen/main/missing_metadata.html;None;None
WMS Raster;Géologie;Ouvrages de la banque du sous-sol;BSS;http://geoservices.brgm.fr/geologie;BRGM;;https://raw.githack.com/CEN-Nouvelle-Aquitaine/fluxcen/main/missing_metadata.html;None;None
WMS Raster;Géologie;Référentiel des points d'eau BSS EAU;BSS_EAU;http://geoservices.brgm.fr/geologie;BRGM;;https://raw.githack.com/CEN-Nouvelle-Aquitaine/fluxcen/main/missing_metadata.html;None;None
WMS Raster;Géologie;Référentiel des points d'eau BSS EAU - Points d'eau avec des mesures de niveau d'eau;BSS_EAU_QT;http://geoservices.brgm.fr/geologie;BRGM;;https://raw.githack.com/CEN-Nouvelle-Aquitaine/fluxcen/main/missing_metadata.html;None;None
WMS Raster;Géologie;Bases gravimétriques;GRAVI_BASE;http://geoservices.brgm.fr/geologie;BRGM;;https://raw.githack.com/CEN-Nouvelle-Aquitaine/fluxcen/main/missing_metadata.html;None;None
WMS Raster;Géologie;Stations gravimétriques;GRAVI_STATION;http://geoservices.brgm.fr/geologie;BRGM;;https://raw.githack.com/CEN-Nouvelle-Aquitaine/fluxcen/main/missing_metadata.html;None;None
WMS Raster;Géologie;Campagnes aéro-magnétiques;AEROMAG_CAMPAGNE;http://geoservices.brgm.fr/geologie;BRGM;;https://raw.githack.com/CEN-Nouvelle-Aquitaine/fluxcen/main/missing_metadata.html;None;None
WMS Raster;Géologie;Carte géologique au 1/50000;GEOLOGIE;http://geoservices.brgm.fr/geologie;BRGM;;https://raw.githack.com/CEN-Nouvelle-Aquitaine/fluxcen/main/missing_metadata.html;None;None
WMS Raster;Géologie;Base géologie marine;BGM;http://geoservices.brgm.fr/geologie;BRGM;;https://raw.githack.com/CEN-Nouvelle-Aquitaine/fluxcen/main/missing_metadata.html;None;None
WMS Raster;Géologie;Gisements, gîtes, indices;GITES;http://geoservices.brgm.fr/geologie;BRGM;;https://raw.githack.com/CEN-Nouvelle-Aquitaine/fluxcen/main/missing_metadata.html;None;None
WMS Raster;Géologie;Mines;MINES;http://geoservices.brgm.fr/geologie;BRGM;;https://raw.githack.com/CEN-Nouvelle-Aquitaine/fluxcen/main/missing_metadata.html;None;None
WMS Raster;Risques;Services cartographiques de diffusion des données GéoRisques;GEORISQUES_SERVICES;https://www.georisques.gouv.fr/services;BRGM;;https://raw.githack.com/CEN-Nouvelle-Aquitaine/fluxcen/main/missing_metadata.html;None;None
WMS Raster;Risques;Cavités souterraines abandonnées d'origine non minière;CAVITE_LOCALISEE;https://www.georisques.gouv.fr/services;BRGM;;https://raw.githack.com/CEN-Nouvelle-Aquitaine/fluxcen/main/missing_metadata.html;None;None
WMS Raster;Risques;Mouvements de Terrain;MVT_LOCALISE;https://www.georisques.gouv.fr/services;BRGM;;https://raw.githack.com/CEN-Nouvelle-Aquitaine/fluxcen/main/missing_metadata.html;None;None
WMS Raster;Risques;Exposition au retrait-gonflement des argiles;ALEARG;https://www.georisques.gouv.fr/services;BRGM;;https://raw.githack.com/CEN-Nouvelle-Aquitaine/fluxcen/main/missing_metadata.html;None;None
WMS Raster;Risques;Séismes historiques potentiellement ressentis;SIS_INTENSITE;https://www.georisques.gouv.fr/services;BRGM;;https://raw.githack.com/CEN-Nouvelle-Aquitaine/fluxcen/main/missing_metadata.html;None;None
WMS Raster;Risques;Installations classées;INSTALLATIONS_CLASSEES_SIMPLIFIE;https://www.georisques.gouv.fr/services;BRGM;;https://raw.githack.com/CEN-Nouvelle-Aquitaine/fluxcen/main/missing_metadata.html;None;None
WMS Raster;Risques;Etablissements Pollueurs;ETABLISSEMENTS_POLLUEURS;https://www.georisques.gouv.fr/services;BRGM;;https://raw.githack.com/CEN-Nouvelle-Aquitaine/fluxcen/main/missing_metadata.html;None;None
WMS Raster;Risques;Communes concernées par un PPR naturel;PPRN_COMMUNE_GASPAR;https://www.georisques.gouv.fr/services;BRGM;;https://raw.githack.com/CEN-Nouvelle-Aquitaine/fluxcen/main/missing_metadata.html;None;None
WMS Raster;Risques;Communes concernées par un PPR Avalanche approuvé;PPRN_COMMUNE_AVALANCHE_APPROUV;https://www.georisques.gouv.fr/services;BRGM;;https://raw.githack.com/CEN-Nouvelle-Aquitaine/fluxcen/main/missing_metadata.html;None;None
WMS Raster;Risques;Communes concernées par un PPR Avalanche prescrit;PPRN_COMMUNE_AVALANCHE_PRESCRIT;https://www.georisques.gouv.fr/services;BRGM;;https://raw.githack.com/CEN-Nouvelle-Aquitaine/fluxcen/main/missing_metadata.html;None;None
WMS Raster;Risques;Communes concernées par un PPR Phénomènes météorologiques approuvé;PPRN_COMMUNE_ATMOS_APPROUV;https://www.georisques.gouv.fr/services;BRGM;;https://raw.githack.com/CEN-Nouvelle-Aquitaine/fluxcen/main/missing_metadata.html;None;None
WMS Raster;Risques;Communes concernées par un PPR Phénomènes météorologiques prescrit;PPRN_COMMUNE_ATMOS_PRESCRIT;https://www.georisques.gouv.fr/services;BRGM;;https://raw.githack.com/CEN-Nouvelle-Aquitaine/fluxcen/main/missing_metadata.html;None;None
WMS Raster;Risques;Communes concernées par un PPR Inondation approuvé;PPRN_COMMUNE_RISQINOND_APPROUV;https://www.georisques.gouv.fr/services;BRGM;;https://raw.githack.com/CEN-Nouvelle-Aquitaine/fluxcen/main/missing_metadata.html;None;None
WMS Raster;Risques;Communes concernées par un PPR Inondation prescrit;PPRN_COMMUNE_RISQINOND_PRESCRIT;https://www.georisques.gouv.fr/services;BRGM;;https://raw.githack.com/CEN-Nouvelle-Aquitaine/fluxcen/main/missing_metadata.html;None;None
WMS Raster;Risques;Communes concernées par un PPR Inondation par sumersion marine approuvé;PPRN_COMMUNE_SUBMAR_APPROUV;https://www.georisques.gouv.fr/services;BRGM;;https://raw.githack.com/CEN-Nouvelle-Aquitaine/fluxcen/main/missing_metadata.html;None;None
WMS Raster;Risques;Communes concernées par un PPR Inondation par sumersion marine prescrit;PPRN_COMMUNE_SUBMAR_PRESCRIT;https://www.georisques.gouv.fr/services;BRGM;;https://raw.githack.com/CEN-Nouvelle-Aquitaine/fluxcen/main/missing_metadata.html;None;None
WMS Raster;Risques;Communes concernées par un PPR Feu de forêt approuvé;PPRN_COMMUNE_FEU_APPROUV;https://www.georisques.gouv.fr/services;BRGM;;https://raw.githack.com/CEN-Nouvelle-Aquitaine/fluxcen/main/missing_metadata.html;None;None
WMS Raster;Risques;Communes concernées par un PPR Feu de forêt prescrit;PPRN_COMMUNE_FEU_PRESCRIT;https://www.georisques.gouv.fr/services;BRGM;;https://raw.githack.com/CEN-Nouvelle-Aquitaine/fluxcen/main/missing_metadata.html;None;None
WMS Raster;Risques;Communes concernées par un PPR Mouvement de terrain approuvé;PPRN_COMMUNE_MVT_APPROUV;https://www.georisques.gouv.fr/services;BRGM;;https://raw.githack.com/CEN-Nouvelle-Aquitaine/fluxcen/main/missing_metadata.html;None;None
WMS Raster;Risques;Communes concernées par un PPR Mouvement de terrain prescrit;PPRN_COMMUNE_MVT_PRESCRIT;https://www.georisques.gouv.fr/services;BRGM;;https://raw.githack.com/CEN-Nouvelle-Aquitaine/fluxcen/main/missing_metadata.html;None;None
WMS Raster;Risques;Communes concernées par un PPR Mouvement de terrain - Affaissements et effondrements (Cavités souterraines) approuvé;PPRN_COMMUNE_CAVITE_APPROUV;https://www.georisques.gouv.fr/services;BRGM;;https://raw.githack.com/CEN-Nouvelle-Aquitaine/fluxcen/main/missing_metadata.html;None;None
WMS Raster;Risques;Communes concernées par un PPR Mouvement de terrain - Affaissements et effondrements (Cavités souterraines) prescrit;PPRN_COMMUNE_CAVITE_PRESCRIT;https://www.georisques.gouv.fr/services;BRGM;;https://raw.githack.com/CEN-Nouvelle-Aquitaine/fluxcen/main/missing_metadata.html;None;None
WMS Raster;Risques;Communes concernées par un PPR Mouvement de terrain - Tassements différentiels (Argile) approuvé;PPRN_COMMUNE_ARGILE_APPROUV;https://www.georisques.gouv.fr/services;BRGM;;https://raw.githack.com/CEN-Nouvelle-Aquitaine/fluxcen/main/missing_metadata.html;None;None
WMS Raster;Risques;Communes concernées par un PPR Mouvement de terrain - Tassements différentiels (Argile) prescrit;PPRN_COMMUNE_ARGILE_PRESCRIT;https://www.georisques.gouv.fr/services;BRGM;;https://raw.githack.com/CEN-Nouvelle-Aquitaine/fluxcen/main/missing_metadata.html;None;None
WMS Raster;Risques;Communes concernées par un PPR technologiques;PPRT_COMMUNE_GASPAR;https://www.georisques.gouv.fr/services;BRGM;;https://raw.githack.com/CEN-Nouvelle-Aquitaine/fluxcen/main/missing_metadata.html;None;None
WMS Raster;Risques;Communes concernées par un PPR Risque industriel approuvé;PPRT_COMMUNE_RISQIND_APPROUV;https://www.georisques.gouv.fr/services;BRGM;;https://raw.githack.com/CEN-Nouvelle-Aquitaine/fluxcen/main/missing_metadata.html;None;None
WMS Raster;Risques;Communes concernées par un PPR Risque industriel prescrit;PPRT_COMMUNE_RISQIND_PRESCRIT;https://www.georisques.gouv.fr/services;BRGM;;https://raw.githack.com/CEN-Nouvelle-Aquitaine/fluxcen/main/missing_metadata.html;None;None
WMS Raster;Risques;Limites de commune concernée par un TRI - France métropolitaine - Rapportage 2020;COMMUNE_FXX;https://www.georisques.gouv.fr/services;BRGM;;https://raw.githack.com/CEN-Nouvelle-Aquitaine/fluxcen/main/missing_metadata.html;None;None
WMS Raster;Risques;Réseaux - France métropolitaine - Rapportage 2020;ENJEUX_RESEAUX_FXX;https://www.georisques.gouv.fr/services;BRGM;;https://raw.githack.com/CEN-Nouvelle-Aquitaine/fluxcen/main/missing_metadata.html;None;None
WMS Raster;Risques;Etablissements sensibles - France métropolitaine - Rapportage 2020;ENJEUX_ETS_SENSIBLES_FXX;https://www.georisques.gouv.fr/services;BRGM;;https://raw.githack.com/CEN-Nouvelle-Aquitaine/fluxcen/main/missing_metadata.html;None;None
WMS Raster;Risques;Limite de zones de protection naturelle - France métropolitaine - Rapportage 2020;ENJEUX_ZONENATURELLE_FXX;https://www.georisques.gouv.fr/services;BRGM;;https://raw.githack.com/CEN-Nouvelle-Aquitaine/fluxcen/main/missing_metadata.html;None;None
WMS Raster;Risques;Zone d'activité - France métropolitaine - Rapportage 2020;ENJEUX_ZONEACT_FXX;https://www.georisques.gouv.fr/services;BRGM;;https://raw.githack.com/CEN-Nouvelle-Aquitaine/fluxcen/main/missing_metadata.html;None;None
WMS Raster;Risques;Etablissements classés IED - France métropolitaine - Rapportage 2020;ENJEUX_IED_FXX;https://www.georisques.gouv.fr/services;BRGM;;https://raw.githack.com/CEN-Nouvelle-Aquitaine/fluxcen/main/missing_metadata.html;None;None
WMS Raster;Risques;Patrimoine culturel - France métropolitaine - Rapportage 2020;ENJEUX_CULT_FXX;https://www.georisques.gouv.fr/services;BRGM;;https://raw.githack.com/CEN-Nouvelle-Aquitaine/fluxcen/main/missing_metadata.html;None;None
WMS Raster;Risques;Station d'épuration supérieure à 2000 Equivalent Habitant - France métropolitaine - Rapportage 2020;ENJEUX_STEP_FXX;https://www.georisques.gouv.fr/services;BRGM;;https://raw.githack.com/CEN-Nouvelle-Aquitaine/fluxcen/main/missing_metadata.html;None;None
WMS Raster;Risques;Surface inondable - Aléa débordement de cours d'eau fréquent ou décennal - France métropolitaine - Rapportage 2020;ALEA_SYNT_01_01FOR_FXX;https://www.georisques.gouv.fr/services;BRGM;;https://raw.githack.com/CEN-Nouvelle-Aquitaine/fluxcen/main/missing_metadata.html;None;None
WMS Raster;Risques;Surface inondable - Aléa débordement de cours d'eau moyen ou centennal - France métropolitaine - Rapportage 2020;ALEA_SYNT_01_02MOY_FXX;https://www.georisques.gouv.fr/services;BRGM;;https://raw.githack.com/CEN-Nouvelle-Aquitaine/fluxcen/main/missing_metadata.html;None;None
WMS Raster;Risques;Surface inondable - Aléa débordement de cours d'eau moyen ou centennal avec prise en compte du changement climatique - France métropolitaine - Rapportage 2020;ALEA_SYNT_01_03MCC_FXX;https://www.georisques.gouv.fr/services;BRGM;;https://raw.githack.com/CEN-Nouvelle-Aquitaine/fluxcen/main/missing_metadata.html;None;None
WMS Raster;Risques;Surface inondable - Aléa débordement de cours d'eau rare ou millénial - France métropolitaine - Rapportage 2020;ALEA_SYNT_01_04FAI_FXX;https://www.georisques.gouv.fr/services;BRGM;;https://raw.githack.com/CEN-Nouvelle-Aquitaine/fluxcen/main/missing_metadata.html;None;None
WMS Raster;Risques;Surface inondable - Aléa ruissellement fréquent ou décennal - France métropolitaine - Rapportage 2020;ALEA_SYNT_02_01FOR_FXX;https://www.georisques.gouv.fr/services;BRGM;;https://raw.githack.com/CEN-Nouvelle-Aquitaine/fluxcen/main/missing_metadata.html;None;None
WMS Raster;Risques;Surface inondable - Aléa ruissellement moyen ou centennal - France métropolitaine - Rapportage 2020;ALEA_SYNT_02_02MOY_FXX;https://www.georisques.gouv.fr/services;BRGM;;https://raw.githack.com/CEN-Nouvelle-Aquitaine/fluxcen/main/missing_metadata.html;None;None
WMS Raster;Risques;Surface inondable - Aléa ruissellement rare ou millénial - France métropolitaine - Rapportage 2020;ALEA_SYNT_02_04FAI_FXX;https://www.georisques.gouv.fr/services;BRGM;;https://raw.githack.com/CEN-Nouvelle-Aquitaine/fluxcen/main/missing_metadata.html;None;None
WMS Raster;Risques;Surface inondable - Aléa submersion fréquent ou décennal - France métropolitaine - Rapportage 2020;ALEA_SYNT_03_01FOR_FXX;https://www.georisques.gouv.fr/services;BRGM;;https://raw.githack.com/CEN-Nouvelle-Aquitaine/fluxcen/main/missing_metadata.html;None;None
WMS Raster;Risques;Surface inondable - Aléa submersion moyen ou centennal - France métropolitaine - Rapportage 2020;ALEA_SYNT_03_02MOY_FXX;https://www.georisques.gouv.fr/services;BRGM;;https://raw.githack.com/CEN-Nouvelle-Aquitaine/fluxcen/main/missing_metadata.html;None;None
WMS Raster;Risques;Surface inondable - Aléa submersion moyen ou centennal avec prise en compte du changement climatique - France métropolitaine - Rapportage 2020;ALEA_SYNT_03_03MCC_FXX;https://www.georisques.gouv.fr/services;BRGM;;https://raw.githack.com/CEN-Nouvelle-Aquitaine/fluxcen/main/missing_metadata.html;None;None
WMS Raster;Risques;Surface inondable - Aléa submersion rare ou millénial - France métropolitaine - Rapportage 2020;ALEA_SYNT_03_04FAI_FXX;https://www.georisques.gouv.fr/services;BRGM;;https://raw.githack.com/CEN-Nouvelle-Aquitaine/fluxcen/main/missing_metadata.html;None;None
WMS Raster;Risques;Hauteurs d'eau - Aléa débordement de cours d'eau fréquent ou décennal - France métropolitaine - Rapportage 2020;ISO_HT_01_01FOR_FXX;https://www.georisques.gouv.fr/services;BRGM;;https://raw.githack.com/CEN-Nouvelle-Aquitaine/fluxcen/main/missing_metadata.html;None;None
WMS Raster;Risques;Hauteurs d'eau - Aléa débordement de cours d'eau moyen ou centennal - France métropolitaine - Rapportage 2020;ISO_HT_01_02MOY_FXX;https://www.georisques.gouv.fr/services;BRGM;;https://raw.githack.com/CEN-Nouvelle-Aquitaine/fluxcen/main/missing_metadata.html;None;None
WMS Raster;Risques;Hauteurs d'eau - Aléa débordement de cours d'eau moyen ou centennal avec prise en compte du changement climatique - France métropolitaine - Rapportage 2020;ISO_HT_01_03MCC_FXX;https://www.georisques.gouv.fr/services;BRGM;;https://raw.githack.com/CEN-Nouvelle-Aquitaine/fluxcen/main/missing_metadata.html;None;None
WMS Raster;Risques;Hauteurs d'eau - Aléa débordement de cours d'eau rare ou millénial - France métropolitaine - Rapportage 2020;ISO_HT_01_04FAI_FXX;https://www.georisques.gouv.fr/services;BRGM;;https://raw.githack.com/CEN-Nouvelle-Aquitaine/fluxcen/main/missing_metadata.html;None;None
WMS Raster;Risques;Hauteurs d'eau - Aléa ruissellement fréquent ou décennal - France métropolitaine - Rapportage 2020;ISO_HT_02_01FOR_FXX;https://www.georisques.gouv.fr/services;BRGM;;https://raw.githack.com/CEN-Nouvelle-Aquitaine/fluxcen/main/missing_metadata.html;None;None
WMS Raster;Risques;Hauteurs d'eau - Aléa ruissellement moyen ou centennal - France métropolitaine - Rapportage 2020;ISO_HT_02_02MOY_FXX;https://www.georisques.gouv.fr/services;BRGM;;https://raw.githack.com/CEN-Nouvelle-Aquitaine/fluxcen/main/missing_metadata.html;None;None
WMS Raster;Risques;Hauteurs d'eau - Aléa ruissellement rare ou millénial - France métropolitaine - Rapportage 2020;ISO_HT_02_04FAI_FXX;https://www.georisques.gouv.fr/services;BRGM;;https://raw.githack.com/CEN-Nouvelle-Aquitaine/fluxcen/main/missing_metadata.html;None;None
WMS Raster;Risques;Hauteurs d'eau - Aléa submersion fréquent ou décennal - France métropolitaine - Rapportage 2020;ISO_HT_03_01FOR_FXX;https://www.georisques.gouv.fr/services;BRGM;;https://raw.githack.com/CEN-Nouvelle-Aquitaine/fluxcen/main/missing_metadata.html;None;None
WMS Raster;Risques;Hauteurs d'eau - Aléa submersion moyen ou centennal - France métropolitaine - Rapportage 2020;ISO_HT_03_02MOY_FXX;https://www.georisques.gouv.fr/services;BRGM;;https://raw.githack.com/CEN-Nouvelle-Aquitaine/fluxcen/main/missing_metadata.html;None;None
WMS Raster;Risques;Hauteurs d'eau - Aléa submersion moyen ou centennal avec prise en compte du changement climatique - France métropolitaine - Rapportage 2020;ISO_HT_03_03MCC_FXX;https://www.georisques.gouv.fr/services;BRGM;;https://raw.githack.com/CEN-Nouvelle-Aquitaine/fluxcen/main/missing_metadata.html;None;None
WMS Raster;Risques;Hauteurs d'eau - Aléa submersion rare ou millénial - France métropolitaine - Rapportage 2020;ISO_HT_03_04FAI_FXX;https://www.georisques.gouv.fr/services;BRGM;;https://raw.githack.com/CEN-Nouvelle-Aquitaine/fluxcen/main/missing_metadata.html;None;None
WMS Raster;Risques;Ouvrage de protection - France métropolitaine - Rapportage 2020;OUV_PROTECTION_FXX;https://www.georisques.gouv.fr/services;BRGM;;https://raw.githack.com/CEN-Nouvelle-Aquitaine/fluxcen/main/missing_metadata.html;None;None
WMS Raster;Risques;Zones soustraites à l'aléa inondation - France métropolitaine - Rapportage 2020;OUV_ZONSSINOND_FXX;https://www.georisques.gouv.fr/services;BRGM;;https://raw.githack.com/CEN-Nouvelle-Aquitaine/fluxcen/main/missing_metadata.html;None;None
WMS Raster;Risques;Zones de sur-aléa inondation - France métropolitaine - Rapportage 2020;OUV_ZONSALEA_FXX;https://www.georisques.gouv.fr/services;BRGM;;https://raw.githack.com/CEN-Nouvelle-Aquitaine/fluxcen/main/missing_metadata.html;None;None
WMS Raster;Risques;Périmètre de TRI - France métropolitaine - Rapportage 2020;LIMITETRI_FXX;https://www.georisques.gouv.fr/services;BRGM;;https://raw.githack.com/CEN-Nouvelle-Aquitaine/fluxcen/main/missing_metadata.html;None;None
WMS Raster;Risques;PPR Inondation - France métropolitaine;PPRN_INOND_FXX;https://www.georisques.gouv.fr/services;BRGM;;https://raw.githack.com/CEN-Nouvelle-Aquitaine/fluxcen/main/missing_metadata.html;None;None
WMS Raster;Risques;Périmètres des PPR Inondation - France métropolitaine;PPRN_PERIMETRE_INOND_FXX;https://www.georisques.gouv.fr/services;BRGM;;https://raw.githack.com/CEN-Nouvelle-Aquitaine/fluxcen/main/missing_metadata.html;None;None
WMS Raster;Risques;Périmètres des PPR Littoraux - France métropolitaine;PPRN_PERIMETRE_SUBMAR_FXX;https://www.georisques.gouv.fr/services;BRGM;;https://raw.githack.com/CEN-Nouvelle-Aquitaine/fluxcen/main/missing_metadata.html;None;None
WMS Raster;Risques;Zonage réglementaire des PPR Inondation - France métropolitaine;PPRN_ZONE_INOND_FXX;https://www.georisques.gouv.fr/services;BRGM;;https://raw.githack.com/CEN-Nouvelle-Aquitaine/fluxcen/main/missing_metadata.html;None;None
WMS Raster;Risques;Zonage réglementaire des PPR littoraux - France métropolitaine;PPRN_ZONE_SUBMAR_FXX;https://www.georisques.gouv.fr/services;BRGM;;https://raw.githack.com/CEN-Nouvelle-Aquitaine/fluxcen/main/missing_metadata.html;None;None
WMS Raster;Risques;PPR Mouvement de terrain - France métropolitaine;PPRN_MVT_FXX;https://www.georisques.gouv.fr/services;BRGM;;https://raw.githack.com/CEN-Nouvelle-Aquitaine/fluxcen/main/missing_metadata.html;None;None
WMS Raster;Risques;Périmètres des PPR Mouvement de terrain - France métropolitaine;PPRN_PERIMETRE_MVT_FXX;https://www.georisques.gouv.fr/services;BRGM;;https://raw.githack.com/CEN-Nouvelle-Aquitaine/fluxcen/main/missing_metadata.html;None;None
WMS Raster;Risques;Périmètres des PPR Mouvement de terrain - Affaissements et effondrements (Cavités souterraines) - France métropolitaine;PPRN_PERIMETRE_CAV_FXX;https://www.georisques.gouv.fr/services;BRGM;;https://raw.githack.com/CEN-Nouvelle-Aquitaine/fluxcen/main/missing_metadata.html;None;None
WMS Raster;Risques;Périmètres des PPR Mouvement de terrain - Tassements différentiels (Argile) - France métropolitaine;PPRN_PERIMETRE_TSD_FXX;https://www.georisques.gouv.fr/services;BRGM;;https://raw.githack.com/CEN-Nouvelle-Aquitaine/fluxcen/main/missing_metadata.html;None;None
WMS Raster;Risques;Zonage réglementaire des PPR Mouvement de terrain - France métropolitaine;PPRN_ZONE_MVT_FXX;https://www.georisques.gouv.fr/services;BRGM;;https://raw.githack.com/CEN-Nouvelle-Aquitaine/fluxcen/main/missing_metadata.html;None;None
WMS Raster;Risques;Zonage réglementaire des PPR Mouvement de terrain - Affaissements et effondrements (Cavités souterraines) - France métropolitaine;PPRN_ZONE_CAV_FXX_01;https://www.georisques.gouv.fr/services;BRGM;;https://raw.githack.com/CEN-Nouvelle-Aquitaine/fluxcen/main/missing_metadata.html;None;None
WMS Raster;Risques;Zonage réglementaire des PPR Mouvement de terrain - Tassements différentiels (Argile) - France métropolitaine;PPRN_ZONE_CAV_FXX_02;https://www.georisques.gouv.fr/services;BRGM;;https://raw.githack.com/CEN-Nouvelle-Aquitaine/fluxcen/main/missing_metadata.html;None;None
WMS Raster;Risques;PPR Avalanche - France métropolitaine;PPRN_AVALANCHE_FXX;https://www.georisques.gouv.fr/services;BRGM;;https://raw.githack.com/CEN-Nouvelle-Aquitaine/fluxcen/main/missing_metadata.html;None;None
WMS Raster;Risques;Périmètres des PPR Avalanche - France métropolitaine;PPRN_PERIMETRE_AVALANCHE_FXX;https://www.georisques.gouv.fr/services;BRGM;;https://raw.githack.com/CEN-Nouvelle-Aquitaine/fluxcen/main/missing_metadata.html;None;None
WMS Raster;Risques;Zonage réglementaire des PPR Avalanche - France métropolitaine;PPRN_ZONE_AVALANCHE_FXX;https://www.georisques.gouv.fr/services;BRGM;;https://raw.githack.com/CEN-Nouvelle-Aquitaine/fluxcen/main/missing_metadata.html;None;None
WMS Raster;Risques;PPR Feu de forêt - France métropolitaine;PPRN_FEU_FXX;https://www.georisques.gouv.fr/services;BRGM;;https://raw.githack.com/CEN-Nouvelle-Aquitaine/fluxcen/main/missing_metadata.html;None;None
WMS Raster;Risques;Périmètres des PPR Feu de forêt - France métropolitaine;PPRN_PERIMETRE_FEU_FXX;https://www.georisques.gouv.fr/services;BRGM;;https://raw.githack.com/CEN-Nouvelle-Aquitaine/fluxcen/main/missing_metadata.html;None;None
WMS Raster;Risques;Zonage réglementaire des PPR Feu de forêt - France métropolitaine;PPRN_ZONE_FEU_FXX;https://www.georisques.gouv.fr/services;BRGM;;https://raw.githack.com/CEN-Nouvelle-Aquitaine/fluxcen/main/missing_metadata.html;None;None
WMS Raster;Risques;Canalisations de transport de matières dangereuses : Gaz;Hydrocarbures;https://www.georisques.gouv.fr/services;BRGM;;https://raw.githack.com/CEN-Nouvelle-Aquitaine/fluxcen/main/missing_metadata.html;None;None
WMS Raster;Risques;Canalisations de transport de matières dangereuses : Gaz naturel;C_GAZ;https://www.georisques.gouv.fr/services;BRGM;;https://raw.githack.com/CEN-Nouvelle-Aquitaine/fluxcen/main/missing_metadata.html;None;None
WMS Raster;Risques;Canalisations de transport de matières dangereuses : Hydrocarbures;C_HYDROCARBURES;https://www.georisques.gouv.fr/services;BRGM;;https://raw.githack.com/CEN-Nouvelle-Aquitaine/fluxcen/main/missing_metadata.html;None;None
WMS Raster;Risques;Canalisations de transport de matières dangereuses : Produits chimiques;C_PRODUITS_CHIM;https://www.georisques.gouv.fr/services;BRGM;;https://raw.githack.com/CEN-Nouvelle-Aquitaine/fluxcen/main/missing_metadata.html;None;None
WMS Raster;Risques;Secteurs d'information sur les sols (SIS);SSP_CLASSIFICATION_SIS;https://www.georisques.gouv.fr/services;BRGM;;https://raw.githack.com/CEN-Nouvelle-Aquitaine/fluxcen/main/missing_metadata.html;None;None
WMS Raster;Risques;Secteur d'Information sur les Sols (SIS) - Etat d'avancement par département;ETAT_SIS;https://www.georisques.gouv.fr/services;BRGM;;https://raw.githack.com/CEN-Nouvelle-Aquitaine/fluxcen/main/missing_metadata.html;None;None
WMS Raster;Risques;Servitudes d'utilité publique (SUP);SSP_CLASSIFICATION_SUP;https://www.georisques.gouv.fr/services;BRGM;;https://raw.githack.com/CEN-Nouvelle-Aquitaine/fluxcen/main/missing_metadata.html;None;None
WMS Raster;Risques;Anciens sites industriels et activités de service;SSP_ETABLISSEMENT;https://www.georisques.gouv.fr/services;BRGM;;https://raw.githack.com/CEN-Nouvelle-Aquitaine/fluxcen/main/missing_metadata.html;None;None
WMS Raster;Risques;Sites pollués ou potentiellement pollués appelant une action des pouvoirs publics; à titre préventif ou curatif (BASOL);SSP_INSTRUCTION;https://www.georisques.gouv.fr/services;BRGM;https://raw.githack.com/CEN-Nouvelle-Aquitaine/fluxcen/main/missing_metadata.html;None;None
WMS Raster;Risques;Potentiel radon à la commune;RADON;https://www.georisques.gouv.fr/services;BRGM;;https://raw.githack.com/CEN-Nouvelle-Aquitaine/fluxcen/main/missing_metadata.html;None;None
WMS Raster;Risques;Carte nationale des remontées de nappes;REMNAPPE_FR;https://www.georisques.gouv.fr/services;BRGM;;https://raw.githack.com/CEN-Nouvelle-Aquitaine/fluxcen/main/missing_metadata.html;None;None
WMS Raster;Risques;Entités hydrogéologiques imperméables à l'affleurement;MASQ_BDLISA;https://www.georisques.gouv.fr/services;BRGM;;https://raw.githack.com/CEN-Nouvelle-Aquitaine/fluxcen/main/missing_metadata.html;None;None
WMS Raster;Risques;Enveloppes Approchées des Inondations Potentielles cours d'eau et submersion marine de plus d'un hectare;MASQ_EAIP;https://www.georisques.gouv.fr/services;BRGM;;https://raw.githack.com/CEN-Nouvelle-Aquitaine/fluxcen/main/missing_metadata.html;None;None
WMS Raster;Risques;Parcs éoliens terrestres;parc;https://www.georisques.gouv.fr/services;BRGM;;https://raw.githack.com/CEN-Nouvelle-Aquitaine/fluxcen/main/missing_metadata.html;None;None
WMS Raster;Risques;Postes de livraison;poste_livraison;https://www.georisques.gouv.fr/services;BRGM;;https://raw.githack.com/CEN-Nouvelle-Aquitaine/fluxcen/main/missing_metadata.html;None;None
WMS Raster;Fonds cartos;Carte XVIIIème siècle;XVIII%C3%A8me%20si%C3%A8cle;https://ws.sogefi-web.com/wms;SOGEFI;;https://raw.githack.com/CEN-Nouvelle-Aquitaine/fluxcen/main/missing_metadata.html;None;None
WFS;Climat;Régions biogéographiques;regbio_fr;https://ws.carmencarto.fr/WFS/119/fxx_ref;INPN;;https://raw.githack.com/CEN-Nouvelle-Aquitaine/fluxcen/main/missing_metadata.html;None;None
WFS;Occupation du sol;Forêts publiques de l'ONF;FOR_PUBL_FR;https://ws.carmencarto.fr/WFS/105/ONF_Forets;ONF;;https://raw.githack.com/CEN-Nouvelle-Aquitaine/fluxcen/main/missing_metadata.html;None;None
WFS;Occupation du sol;Parcelles forestières de l'ONF;PARC_PUBL_FR;https://ws.carmencarto.fr/WFS/105/ONF_Forets;ONF;;https://raw.githack.com/CEN-Nouvelle-Aquitaine/fluxcen/main/missing_metadata.html;None;None
WFS;Urbanisme;Emprises des documents d'urbanisme;wfs_du:document;https://wxs-gpu.mongeoportail.ign.fr/externe/39wtxmgtn23okfbbs1al2lz3/wfs;Géoportail de l’Urbanisme;;https://raw.githack.com/CEN-Nouvelle-Aquitaine/fluxcen/main/missing_metadata.html;None;None
WFS;Urbanisme;Zonages des documents d'urbanisme;wfs_du:zone_urba;https://wxs-gpu.mongeoportail.ign.fr/externe/39wtxmgtn23okfbbs1al2lz3/wfs;Géoportail de l’Urbanisme;;https://raw.githack.com/CEN-Nouvelle-Aquitaine/fluxcen/main/missing_metadata.html;None;None
