service;categorie;Nom_couche_plugin;nom_technique;url;source;style;metadonnees
WFS;Culture;Monuments historiques;culture:monuments_historiques;https://opendata.cen-nouvelle-aquitaine.org/culture/wfs;Data-gouv;;https://raw.githack.com/CEN-Nouvelle-Aquitaine/fluxcen/main/missing_metadata.html
WFS;Agriculture;Carte des cours d’eau BCAE1 2022;HYDROGRAPHY.BCAE.2022:bcae_cours_eau;https://wxs.ign.fr/agriculture/geoportail/wfs?SERVICE=WFS&VERSION=2.0.0&REQUEST=GetCapabilities;IGN;;https://raw.githack.com/CEN-Nouvelle-Aquitaine/fluxcen/main/missing_metadata.html
WFS;Agriculture;RPG 2021 departement 16;agriculture:rpg_2021_16;https://opendata.cen-nouvelle-aquitaine.org/geoserver/agriculture/wfs?SERVICE=WFS&REQUEST=GetCapabilities;IGN;RPG;https://geoservices.ign.fr/sites/default/files/2023-11/IGNF_RPG_2-1.html
WFS;Agriculture;RPG 2021 departement 17;agriculture:rpg_2021_17;https://opendata.cen-nouvelle-aquitaine.org/geoserver/agriculture/wfs?SERVICE=WFS&REQUEST=GetCapabilities;IGN;RPG;https://geoservices.ign.fr/sites/default/files/2023-11/IGNF_RPG_2-1.html
WFS;Agriculture;RPG 2021 departement 19;agriculture:rpg_2021_19;https://opendata.cen-nouvelle-aquitaine.org/geoserver/agriculture/wfs?SERVICE=WFS&REQUEST=GetCapabilities;IGN;RPG;https://geoservices.ign.fr/sites/default/files/2023-11/IGNF_RPG_2-1.html
WFS;Agriculture;RPG 2021 departement 23;agriculture:rpg_2021_23;https://opendata.cen-nouvelle-aquitaine.org/geoserver/agriculture/wfs?SERVICE=WFS&REQUEST=GetCapabilities;IGN;RPG;https://geoservices.ign.fr/sites/default/files/2023-11/IGNF_RPG_2-1.html
WFS;Agriculture;RPG 2021 departement 24;agriculture:rpg_2021_24;https://opendata.cen-nouvelle-aquitaine.org/geoserver/agriculture/wfs?SERVICE=WFS&REQUEST=GetCapabilities;IGN;RPG;https://geoservices.ign.fr/sites/default/files/2023-11/IGNF_RPG_2-1.html
WFS;Agriculture;RPG 2021 departement 33;agriculture:rpg_2021_33;https://opendata.cen-nouvelle-aquitaine.org/geoserver/agriculture/wfs?SERVICE=WFS&REQUEST=GetCapabilities;IGN;RPG;https://geoservices.ign.fr/sites/default/files/2023-11/IGNF_RPG_2-1.html
WFS;Agriculture;RPG 2021 departement 40;agriculture:rpg_2021_40;https://opendata.cen-nouvelle-aquitaine.org/geoserver/agriculture/wfs?SERVICE=WFS&REQUEST=GetCapabilities;IGN;RPG;https://geoservices.ign.fr/sites/default/files/2023-11/IGNF_RPG_2-1.html
WFS;Agriculture;RPG 2021 departement 47;agriculture:rpg_2021_47;https://opendata.cen-nouvelle-aquitaine.org/geoserver/agriculture/wfs?SERVICE=WFS&REQUEST=GetCapabilities;IGN;RPG;https://geoservices.ign.fr/sites/default/files/2023-11/IGNF_RPG_2-1.html
WFS;Agriculture;RPG 2021 departement 64;agriculture:rpg_2021_64;https://opendata.cen-nouvelle-aquitaine.org/geoserver/agriculture/wfs?SERVICE=WFS&REQUEST=GetCapabilities;IGN;RPG;https://geoservices.ign.fr/sites/default/files/2023-11/IGNF_RPG_2-1.html
WFS;Agriculture;RPG 2021 departement 79;agriculture:rpg_2021_79;https://opendata.cen-nouvelle-aquitaine.org/geoserver/agriculture/wfs?SERVICE=WFS&REQUEST=GetCapabilities;IGN;RPG;https://geoservices.ign.fr/sites/default/files/2023-11/IGNF_RPG_2-1.html
WFS;Agriculture;RPG 2021 departement 86;agriculture:rpg_2021_86;https://opendata.cen-nouvelle-aquitaine.org/geoserver/agriculture/wfs?SERVICE=WFS&REQUEST=GetCapabilities;IGN;RPG;https://geoservices.ign.fr/sites/default/files/2023-11/IGNF_RPG_2-1.html
WFS;Agriculture;RPG 2021 departement 87;agriculture:rpg_2021_87;https://opendata.cen-nouvelle-aquitaine.org/geoserver/agriculture/wfs?SERVICE=WFS&REQUEST=GetCapabilities;IGN;RPG;https://geoservices.ign.fr/sites/default/files/2023-11/IGNF_RPG_2-1.html
WFS;Agriculture;RPG 2022 departement 16;agriculture:rpg_2022_16;https://opendata.cen-nouvelle-aquitaine.org/geoserver/agriculture/wfs?SERVICE=WFS&REQUEST=GetCapabilities;IGN;RPG;https://geoservices.ign.fr/sites/default/files/2023-11/IGNF_RPG_2-1.html
WFS;Agriculture;RPG 2022 departement 17;agriculture:rpg_2022_17;https://opendata.cen-nouvelle-aquitaine.org/geoserver/agriculture/wfs?SERVICE=WFS&REQUEST=GetCapabilities;IGN;RPG;https://geoservices.ign.fr/sites/default/files/2023-11/IGNF_RPG_2-1.html
WFS;Agriculture;RPG 2022 departement 19;agriculture:rpg_2022_19;https://opendata.cen-nouvelle-aquitaine.org/geoserver/agriculture/wfs?SERVICE=WFS&REQUEST=GetCapabilities;IGN;RPG;https://geoservices.ign.fr/sites/default/files/2023-11/IGNF_RPG_2-1.html
WFS;Agriculture;RPG 2022 departement 23;agriculture:rpg_2022_23;https://opendata.cen-nouvelle-aquitaine.org/geoserver/agriculture/wfs?SERVICE=WFS&REQUEST=GetCapabilities;IGN;RPG;https://geoservices.ign.fr/sites/default/files/2023-11/IGNF_RPG_2-1.html
WFS;Agriculture;RPG 2022 departement 24;agriculture:rpg_2022_24;https://opendata.cen-nouvelle-aquitaine.org/geoserver/agriculture/wfs?SERVICE=WFS&REQUEST=GetCapabilities;IGN;RPG;https://geoservices.ign.fr/sites/default/files/2023-11/IGNF_RPG_2-1.html
WFS;Agriculture;RPG 2022 departement 33;agriculture:rpg_2022_33;https://opendata.cen-nouvelle-aquitaine.org/geoserver/agriculture/wfs?SERVICE=WFS&REQUEST=GetCapabilities;IGN;RPG;https://geoservices.ign.fr/sites/default/files/2023-11/IGNF_RPG_2-1.html
WFS;Agriculture;RPG 2022 departement 40;agriculture:rpg_2022_40;https://opendata.cen-nouvelle-aquitaine.org/geoserver/agriculture/wfs?SERVICE=WFS&REQUEST=GetCapabilities;IGN;RPG;https://geoservices.ign.fr/sites/default/files/2023-11/IGNF_RPG_2-1.html
WFS;Agriculture;RPG 2022 departement 47;agriculture:rpg_2022_47;https://opendata.cen-nouvelle-aquitaine.org/geoserver/agriculture/wfs?SERVICE=WFS&REQUEST=GetCapabilities;IGN;RPG;https://geoservices.ign.fr/sites/default/files/2023-11/IGNF_RPG_2-1.html
WFS;Agriculture;RPG 2022 departement 64;agriculture:rpg_2022_64;https://opendata.cen-nouvelle-aquitaine.org/geoserver/agriculture/wfs?SERVICE=WFS&REQUEST=GetCapabilities;IGN;RPG;https://geoservices.ign.fr/sites/default/files/2023-11/IGNF_RPG_2-1.html
WFS;Agriculture;RPG 2022 departement 79;agriculture:rpg_2022_79;https://opendata.cen-nouvelle-aquitaine.org/geoserver/agriculture/wfs?SERVICE=WFS&REQUEST=GetCapabilities;IGN;RPG;https://geoservices.ign.fr/sites/default/files/2023-11/IGNF_RPG_2-1.html
WFS;Agriculture;RPG 2022 departement 86;agriculture:rpg_2022_86;https://opendata.cen-nouvelle-aquitaine.org/geoserver/agriculture/wfs?SERVICE=WFS&REQUEST=GetCapabilities;IGN;RPG;https://geoservices.ign.fr/sites/default/files/2023-11/IGNF_RPG_2-1.html
WFS;Agriculture;RPG 2022 departement 87;agriculture:rpg_2022_87;https://opendata.cen-nouvelle-aquitaine.org/geoserver/agriculture/wfs?SERVICE=WFS&REQUEST=GetCapabilities;IGN;RPG;https://geoservices.ign.fr/sites/default/files/2023-11/IGNF_RPG_2-1.html
WFS;Administratif;Commune;administratif:commune;https://opendata.cen-nouvelle-aquitaine.org/administratif/wfs?SERVICE=WFS&REQUEST=GetCapabilities;IGN Admin Express;;https://raw.githack.com/CEN-Nouvelle-Aquitaine/fluxcen/main/missing_metadata.html
WFS;Administratif;Département;administratif:departement;https://opendata.cen-nouvelle-aquitaine.org/administratif/wfs?SERVICE=WFS&REQUEST=GetCapabilities;IGN Admin Express;;https://raw.githack.com/CEN-Nouvelle-Aquitaine/fluxcen/main/missing_metadata.html
WFS;Administratif;Lieu-dit;administratif:lieudit;https://opendata.cen-nouvelle-aquitaine.org/administratif/wfs?SERVICE=WFS&REQUEST=GetCapabilities;Cadastre ETALAB;;https://raw.githack.com/CEN-Nouvelle-Aquitaine/fluxcen/main/missing_metadata.html
WFS;Administratif;Section;administratif:section;https://opendata.cen-nouvelle-aquitaine.org/administratif/wfs?SERVICE=WFS&REQUEST=GetCapabilities;Cadastre ETALAB;;https://raw.githack.com/CEN-Nouvelle-Aquitaine/fluxcen/main/missing_metadata.html
WFS;Administratif;EPCI;administratif:epci;https://opendata.cen-nouvelle-aquitaine.org/administratif/wfs?SERVICE=WFS&REQUEST=GetCapabilities;IGN Admin Express;;https://raw.githack.com/CEN-Nouvelle-Aquitaine/fluxcen/main/missing_metadata.html
WFS;Hydrographie;Bassins hydrographiques (BD Topage);hydrographie:bd_topage_bassin_hydrographique;https://opendata.cen-nouvelle-aquitaine.org/hydrographie/wfs?SERVICE=WFS&REQUEST=GetCapabilities;OFB / IGN;;https://raw.githack.com/CEN-Nouvelle-Aquitaine/fluxcen/main/missing_metadata.html
WFS;Hydrographie;Bassins versants hydrographiques (BD Topage);hydrographie:bd_topage_bv_topographique;https://opendata.cen-nouvelle-aquitaine.org/hydrographie/wfs?SERVICE=WFS&REQUEST=GetCapabilities;OFB / IGN;;https://raw.githack.com/CEN-Nouvelle-Aquitaine/fluxcen/main/missing_metadata.html
WFS;Hydrographie;Cours d'eau (BD Topage);hydrographie:bd_topage_cours_eau;https://opendata.cen-nouvelle-aquitaine.org/hydrographie/wfs?SERVICE=WFS&REQUEST=GetCapabilities;OFB / IGN;;https://raw.githack.com/CEN-Nouvelle-Aquitaine/fluxcen/main/missing_metadata.html
WFS;Hydrographie;Plans d'eau (BD Topage);hydrographie:bd_topage_plan_eau;https://opendata.cen-nouvelle-aquitaine.org/hydrographie/wfs?SERVICE=WFS&REQUEST=GetCapabilities;OFB / IGN;;https://raw.githack.com/CEN-Nouvelle-Aquitaine/fluxcen/main/missing_metadata.html
WFS;Hydrographie;Surfaces élementaires (BD Topage);hydrographie:bd_topage_surface_elementaire;https://opendata.cen-nouvelle-aquitaine.org/hydrographie/wfs?SERVICE=WFS&REQUEST=GetCapabilities;OFB / IGN;;https://raw.githack.com/CEN-Nouvelle-Aquitaine/fluxcen/main/missing_metadata.html
WFS;Occupation du sol;BD Forêt V2 (département 16);occsol:bdforet_v2_16;https://opendata.cen-nouvelle-aquitaine.org/occsol/wfs?SERVICE=WFS&REQUEST=GetCapabilities;IGN;;https://raw.githack.com/CEN-Nouvelle-Aquitaine/fluxcen/main/missing_metadata.html
WFS;Occupation du sol;BD Forêt V2 (département 17);occsol:bdforet_v2_17;https://opendata.cen-nouvelle-aquitaine.org/occsol/wfs?SERVICE=WFS&REQUEST=GetCapabilities;IGN;;https://raw.githack.com/CEN-Nouvelle-Aquitaine/fluxcen/main/missing_metadata.html
WFS;Occupation du sol;BD Forêt V2 (département 19);occsol:bdforet_v2_19;https://opendata.cen-nouvelle-aquitaine.org/occsol/wfs?SERVICE=WFS&REQUEST=GetCapabilities;IGN;;https://raw.githack.com/CEN-Nouvelle-Aquitaine/fluxcen/main/missing_metadata.html
WFS;Occupation du sol;BD Forêt V2 (département 23);occsol:bdforet_v2_23;https://opendata.cen-nouvelle-aquitaine.org/occsol/wfs?SERVICE=WFS&REQUEST=GetCapabilities;IGN;;https://raw.githack.com/CEN-Nouvelle-Aquitaine/fluxcen/main/missing_metadata.html
WFS;Occupation du sol;BD Forêt V2 (département 24);occsol:bdforet_v2_24;https://opendata.cen-nouvelle-aquitaine.org/occsol/wfs?SERVICE=WFS&REQUEST=GetCapabilities;IGN;;https://raw.githack.com/CEN-Nouvelle-Aquitaine/fluxcen/main/missing_metadata.html
WFS;Occupation du sol;BD Forêt V2 (département 33);occsol:bdforet_v2_33;https://opendata.cen-nouvelle-aquitaine.org/occsol/wfs?SERVICE=WFS&REQUEST=GetCapabilities;IGN;;https://raw.githack.com/CEN-Nouvelle-Aquitaine/fluxcen/main/missing_metadata.html
WFS;Occupation du sol;BD Forêt V2 (département 40);occsol:bdforet_v2_40;https://opendata.cen-nouvelle-aquitaine.org/occsol/wfs?SERVICE=WFS&REQUEST=GetCapabilities;IGN;;https://raw.githack.com/CEN-Nouvelle-Aquitaine/fluxcen/main/missing_metadata.html
WFS;Occupation du sol;BD Forêt V2 (département 47);occsol:bdforet_v2_47;https://opendata.cen-nouvelle-aquitaine.org/occsol/wfs?SERVICE=WFS&REQUEST=GetCapabilities;IGN;;https://raw.githack.com/CEN-Nouvelle-Aquitaine/fluxcen/main/missing_metadata.html
WFS;Occupation du sol;BD Forêt V2 (département 64);occsol:bdforet_v2_64;https://opendata.cen-nouvelle-aquitaine.org/occsol/wfs?SERVICE=WFS&REQUEST=GetCapabilities;IGN;;https://raw.githack.com/CEN-Nouvelle-Aquitaine/fluxcen/main/missing_metadata.html
WFS;Occupation du sol;BD Forêt V2 (département 79);occsol:bdforet_v2_79;https://opendata.cen-nouvelle-aquitaine.org/occsol/wfs?SERVICE=WFS&REQUEST=GetCapabilities;IGN;;https://raw.githack.com/CEN-Nouvelle-Aquitaine/fluxcen/main/missing_metadata.html
WFS;Occupation du sol;BD Forêt V2 (département 86);occsol:bdforet_v2_86;https://opendata.cen-nouvelle-aquitaine.org/occsol/wfs?SERVICE=WFS&REQUEST=GetCapabilities;IGN;;https://raw.githack.com/CEN-Nouvelle-Aquitaine/fluxcen/main/missing_metadata.html
WFS;Occupation du sol;BD Forêt V2 (département 87);occsol:bdforet_v2_87;https://opendata.cen-nouvelle-aquitaine.org/occsol/wfs?SERVICE=WFS&REQUEST=GetCapabilities;IGN;;https://raw.githack.com/CEN-Nouvelle-Aquitaine/fluxcen/main/missing_metadata.html
WFS;Occupation du sol;OCS PIGMA 2020 (département 16);occsol:pigma_ocs_2020_d16;https://opendata.cen-nouvelle-aquitaine.org/occsol/wfs?SERVICE=WFS&REQUEST=GetCapabilities;PIGMA;pigma_ocs;https://raw.githack.com/CEN-Nouvelle-Aquitaine/fluxcen/main/missing_metadata.html
WFS;Occupation du sol;OCS PIGMA 2020 (département 17);occsol:pigma_ocs_2020_d17;https://opendata.cen-nouvelle-aquitaine.org/occsol/wfs?SERVICE=WFS&REQUEST=GetCapabilities;PIGMA;pigma_ocs;https://raw.githack.com/CEN-Nouvelle-Aquitaine/fluxcen/main/missing_metadata.html
WFS;Occupation du sol;OCS PIGMA 2020 (département 19);occsol:pigma_ocs_2020_d19;https://opendata.cen-nouvelle-aquitaine.org/occsol/wfs?SERVICE=WFS&REQUEST=GetCapabilities;PIGMA;pigma_ocs;https://raw.githack.com/CEN-Nouvelle-Aquitaine/fluxcen/main/missing_metadata.html
WFS;Occupation du sol;OCS PIGMA 2020 (département 23);occsol:pigma_ocs_2020_d23;https://opendata.cen-nouvelle-aquitaine.org/occsol/wfs?SERVICE=WFS&REQUEST=GetCapabilities;PIGMA;pigma_ocs;https://raw.githack.com/CEN-Nouvelle-Aquitaine/fluxcen/main/missing_metadata.html
WFS;Occupation du sol;OCS PIGMA 2020 (département 24);occsol:pigma_ocs_2020_d24;https://opendata.cen-nouvelle-aquitaine.org/occsol/wfs?SERVICE=WFS&REQUEST=GetCapabilities;PIGMA;pigma_ocs;https://raw.githack.com/CEN-Nouvelle-Aquitaine/fluxcen/main/missing_metadata.html
WFS;Occupation du sol;OCS PIGMA 2020 (département 33);occsol:pigma_ocs_2020_d33;https://opendata.cen-nouvelle-aquitaine.org/occsol/wfs?SERVICE=WFS&REQUEST=GetCapabilities;PIGMA;pigma_ocs;https://raw.githack.com/CEN-Nouvelle-Aquitaine/fluxcen/main/missing_metadata.html
WFS;Occupation du sol;OCS PIGMA 2020 (département 40);occsol:pigma_ocs_2020_d40;https://opendata.cen-nouvelle-aquitaine.org/occsol/wfs?SERVICE=WFS&REQUEST=GetCapabilities;PIGMA;pigma_ocs;https://raw.githack.com/CEN-Nouvelle-Aquitaine/fluxcen/main/missing_metadata.html
WFS;Occupation du sol;OCS PIGMA 2020 (département 47);occsol:pigma_ocs_2020_d47;https://opendata.cen-nouvelle-aquitaine.org/occsol/wfs?SERVICE=WFS&REQUEST=GetCapabilities;PIGMA;pigma_ocs;https://raw.githack.com/CEN-Nouvelle-Aquitaine/fluxcen/main/missing_metadata.html
WFS;Occupation du sol;OCS PIGMA 2020 (département 64);occsol:pigma_ocs_2020_d64;https://opendata.cen-nouvelle-aquitaine.org/occsol/wfs?SERVICE=WFS&REQUEST=GetCapabilities;PIGMA;pigma_ocs;https://raw.githack.com/CEN-Nouvelle-Aquitaine/fluxcen/main/missing_metadata.html
WFS;Occupation du sol;OCS PIGMA 2020 (département 79);occsol:pigma_ocs_2020_d79;https://opendata.cen-nouvelle-aquitaine.org/occsol/wfs?SERVICE=WFS&REQUEST=GetCapabilities;PIGMA;pigma_ocs;https://raw.githack.com/CEN-Nouvelle-Aquitaine/fluxcen/main/missing_metadata.html
WFS;Occupation du sol;OCS PIGMA 2020 (département 86);occsol:pigma_ocs_2020_d86;https://opendata.cen-nouvelle-aquitaine.org/occsol/wfs?SERVICE=WFS&REQUEST=GetCapabilities;PIGMA;pigma_ocs;https://raw.githack.com/CEN-Nouvelle-Aquitaine/fluxcen/main/missing_metadata.html
WFS;Occupation du sol;OCS PIGMA 2020 (département 87);occsol:pigma_ocs_2020_d87;https://opendata.cen-nouvelle-aquitaine.org/occsol/wfs?SERVICE=WFS&REQUEST=GetCapabilities;PIGMA;pigma_ocs;https://raw.githack.com/CEN-Nouvelle-Aquitaine/fluxcen/main/missing_metadata.html
WFS;Occupation du sol;synthese_landes_limousin;occsol:synthese_landes_limousin;https://opendata.cen-nouvelle-aquitaine.org/occsol/wfs?SERVICE=WFS&REQUEST=GetCapabilities;;;https://raw.githack.com/CEN-Nouvelle-Aquitaine/fluxcen/main/missing_metadata.html
WFS;Occupation du sol;synthese_tourbieres_limousin;occsol:synthese_tourbieres_limousin;https://opendata.cen-nouvelle-aquitaine.org/occsol/wfs?SERVICE=WFS&REQUEST=GetCapabilities;;;https://raw.githack.com/CEN-Nouvelle-Aquitaine/fluxcen/main/missing_metadata.html
WFS;Occupation du sol;Inventaire tourbières de 1949;occsol:atlas_tourbiere_fcen_1949;https://opendata.cen-nouvelle-aquitaine.org/occsol/wfs?SERVICE=WFS&REQUEST=GetCapabilities;FCEN;;https://raw.githack.com/CEN-Nouvelle-Aquitaine/fluxcen/main/missing_metadata.html
WFS;Paysage;Plan Départemental des Itinéraires de Promenade et de Randonnée (Zones d'intérêt prioritaires);paysages:PDIPR_ZONE_INTERET_PRIORITAIRE_new;https://opendata.cen-nouvelle-aquitaine.org/geoserver/paysages/wfs?SERVICE=WFS&REQUEST=GetCapabilities;;;https://raw.githack.com/CEN-Nouvelle-Aquitaine/fluxcen/main/missing_metadata.html
WFS;Paysage;Inventaire paysage (ex Poitou-Charentes);paysages:inventaire_paysage_pc;https://opendata.cen-nouvelle-aquitaine.org/geoserver/paysages/wfs?SERVICE=WFS&REQUEST=GetCapabilities;;;https://raw.githack.com/CEN-Nouvelle-Aquitaine/fluxcen/main/missing_metadata.html
WFS;Paysage;Secteurs paysagers (Nouvelle-Aquitaine);paysages:secteurs_paysagers_na;https://opendata.cen-nouvelle-aquitaine.org/geoserver/paysages/wfs?SERVICE=WFS&REQUEST=GetCapabilities;;;https://raw.githack.com/CEN-Nouvelle-Aquitaine/fluxcen/main/missing_metadata.html
WFS;Paysage;Sites classés;paysages:sites_classes;https://opendata.cen-nouvelle-aquitaine.org/geoserver/paysages/wfs?SERVICE=WFS&REQUEST=GetCapabilities;;;https://raw.githack.com/CEN-Nouvelle-Aquitaine/fluxcen/main/missing_metadata.html
WFS;Paysage;Sites inscrits;paysages:sites_inscrits;https://opendata.cen-nouvelle-aquitaine.org/geoserver/paysages/wfs?SERVICE=WFS&REQUEST=GetCapabilities;;;https://raw.githack.com/CEN-Nouvelle-Aquitaine/fluxcen/main/missing_metadata.html
WFS;Paysage;Vallées principales Nouvelle-Aquitaine;paysages:vallees_principales_na;https://opendata.cen-nouvelle-aquitaine.org/geoserver/paysages/wfs?SERVICE=WFS&REQUEST=GetCapabilities;;;https://raw.githack.com/CEN-Nouvelle-Aquitaine/fluxcen/main/missing_metadata.html
WFS;FoncierCEN;site_gere_poly_2020;fonciercen:site_gere_poly_2020;https://opendata.cen-nouvelle-aquitaine.org/geoserver/fonciercen/wfs;CEN NA;;https://raw.githack.com/CEN-Nouvelle-Aquitaine/fluxcen/main/missing_metadata.html
WFS;FoncierCEN;Sites gérés CEN NA (polygone);fonciercen:site_gere_poly;https://opendata.cen-nouvelle-aquitaine.org/geoserver/fonciercen/wfs;CEN NA;;https://raw.githack.com/CEN-Nouvelle-Aquitaine/fluxcen/main/missing_metadata.html
WFS;FoncierCEN;Sites gérés CEN NA (point);fonciercen:site_gere_point;https://opendata.cen-nouvelle-aquitaine.org/geoserver/fonciercen/wfs;CEN NA;;https://raw.githack.com/CEN-Nouvelle-Aquitaine/fluxcen/main/missing_metadata.html
WFS;FoncierCEN;Parcelles CEN NA suivies en animation foncière (dpt 87);fonciercen:parcelles_af_87;https://opendata.cen-nouvelle-aquitaine.org/geoserver/fonciercen/wfs;CEN NA;parcelles_af;https://raw.githack.com/CEN-Nouvelle-Aquitaine/fluxcen/main/missing_metadata.html
WFS;FoncierCEN;Parcelles CEN NA suivies en animation foncière (dpt 86);fonciercen:parcelles_af_86;https://opendata.cen-nouvelle-aquitaine.org/geoserver/fonciercen/wfs;CEN NA;parcelles_af;https://raw.githack.com/CEN-Nouvelle-Aquitaine/fluxcen/main/missing_metadata.html
WFS;FoncierCEN;Parcelles CEN NA suivies en animation foncière (dpt 79);fonciercen:parcelles_af_79;https://opendata.cen-nouvelle-aquitaine.org/geoserver/fonciercen/wfs;CEN NA;parcelles_af;https://raw.githack.com/CEN-Nouvelle-Aquitaine/fluxcen/main/missing_metadata.html
WFS;FoncierCEN;Parcelles CEN NA suivies en animation foncière (dpt 64);fonciercen:parcelles_af_64;https://opendata.cen-nouvelle-aquitaine.org/geoserver/fonciercen/wfs;CEN NA;parcelles_af;https://raw.githack.com/CEN-Nouvelle-Aquitaine/fluxcen/main/missing_metadata.html
WFS;FoncierCEN;Parcelles CEN NA suivies en animation foncière (dpt 47);fonciercen:parcelles_af_47;https://opendata.cen-nouvelle-aquitaine.org/geoserver/fonciercen/wfs;CEN NA;parcelles_af;https://raw.githack.com/CEN-Nouvelle-Aquitaine/fluxcen/main/missing_metadata.html
WFS;FoncierCEN;Parcelles CEN NA suivies en animation foncière (dpt 40);fonciercen:parcelles_af_40;https://opendata.cen-nouvelle-aquitaine.org/geoserver/fonciercen/wfs;CEN NA;parcelles_af;https://raw.githack.com/CEN-Nouvelle-Aquitaine/fluxcen/main/missing_metadata.html
WFS;FoncierCEN;Parcelles CEN NA suivies en animation foncière (dpt 33);fonciercen:parcelles_af_33;https://opendata.cen-nouvelle-aquitaine.org/geoserver/fonciercen/wfs;CEN NA;parcelles_af;https://raw.githack.com/CEN-Nouvelle-Aquitaine/fluxcen/main/missing_metadata.html
WFS;FoncierCEN;Parcelles CEN NA suivies en animation foncière (dpt 23);fonciercen:parcelles_af_23;https://opendata.cen-nouvelle-aquitaine.org/geoserver/fonciercen/wfs;CEN NA;parcelles_af;https://raw.githack.com/CEN-Nouvelle-Aquitaine/fluxcen/main/missing_metadata.html
WFS;FoncierCEN;Parcelles CEN NA suivies en animation foncière (dpt 24);fonciercen:parcelles_af_24;https://opendata.cen-nouvelle-aquitaine.org/geoserver/fonciercen/wfs;CEN NA;parcelles_af;https://raw.githack.com/CEN-Nouvelle-Aquitaine/fluxcen/main/missing_metadata.html
WFS;FoncierCEN;Parcelles CEN NA suivies en animation foncière (dpt 19);fonciercen:parcelles_af_19;https://opendata.cen-nouvelle-aquitaine.org/geoserver/fonciercen/wfs;CEN NA;parcelles_af;https://raw.githack.com/CEN-Nouvelle-Aquitaine/fluxcen/main/missing_metadata.html
WFS;FoncierCEN;Parcelles CEN NA suivies en animation foncière (dpt 17);fonciercen:parcelles_af_17;https://opendata.cen-nouvelle-aquitaine.org/geoserver/fonciercen/wfs;CEN NA;parcelles_af;https://raw.githack.com/CEN-Nouvelle-Aquitaine/fluxcen/main/missing_metadata.html
WFS;FoncierCEN;Parcelles CEN NA suivies en animation foncière (dpt 16);fonciercen:parcelles_af_16;https://opendata.cen-nouvelle-aquitaine.org/geoserver/fonciercen/wfs;CEN NA;parcelles_af;https://raw.githack.com/CEN-Nouvelle-Aquitaine/fluxcen/main/missing_metadata.html
WFS;FoncierCEN;Prospections tierces (dpt 16);fonciercen:prospections_tierces_16;https://opendata.cen-nouvelle-aquitaine.org/fonciercen/wfs;CEN NA;;https://raw.githack.com/CEN-Nouvelle-Aquitaine/fluxcen/main/missing_metadata.html
WFS;FoncierCEN;Prospections tierces (dpt 17);fonciercen:prospections_tierces_17;https://opendata.cen-nouvelle-aquitaine.org/fonciercen/wfs;CEN NA;;https://raw.githack.com/CEN-Nouvelle-Aquitaine/fluxcen/main/missing_metadata.html
WFS;FoncierCEN;Prospections tierces (dpt 19);fonciercen:prospections_tierces_19;https://opendata.cen-nouvelle-aquitaine.org/fonciercen/wfs;CEN NA;;https://raw.githack.com/CEN-Nouvelle-Aquitaine/fluxcen/main/missing_metadata.html
WFS;FoncierCEN;Prospections tierces (dpt 23);fonciercen:prospections_tierces_23;https://opendata.cen-nouvelle-aquitaine.org/fonciercen/wfs;CEN NA;;https://raw.githack.com/CEN-Nouvelle-Aquitaine/fluxcen/main/missing_metadata.html
WFS;FoncierCEN;Prospections tierces (dpt 24);fonciercen:prospections_tierces_24;https://opendata.cen-nouvelle-aquitaine.org/fonciercen/wfs;CEN NA;;https://raw.githack.com/CEN-Nouvelle-Aquitaine/fluxcen/main/missing_metadata.html
WFS;FoncierCEN;Prospections tierces (dpt 33);fonciercen:prospections_tierces_33;https://opendata.cen-nouvelle-aquitaine.org/fonciercen/wfs;CEN NA;;https://raw.githack.com/CEN-Nouvelle-Aquitaine/fluxcen/main/missing_metadata.html
WFS;FoncierCEN;Prospections tierces (dpt 40);fonciercen:prospections_tierces_40;https://opendata.cen-nouvelle-aquitaine.org/fonciercen/wfs;CEN NA;;https://raw.githack.com/CEN-Nouvelle-Aquitaine/fluxcen/main/missing_metadata.html
WFS;FoncierCEN;Prospections tierces (dpt 47);fonciercen:prospections_tierces_47;https://opendata.cen-nouvelle-aquitaine.org/fonciercen/wfs;CEN NA;;https://raw.githack.com/CEN-Nouvelle-Aquitaine/fluxcen/main/missing_metadata.html
WFS;FoncierCEN;Prospections tierces (dpt 64);fonciercen:prospections_tierces_64;https://opendata.cen-nouvelle-aquitaine.org/fonciercen/wfs;CEN NA;;https://raw.githack.com/CEN-Nouvelle-Aquitaine/fluxcen/main/missing_metadata.html
WFS;FoncierCEN;Prospections tierces (dpt 79);fonciercen:prospections_tierces_79;https://opendata.cen-nouvelle-aquitaine.org/fonciercen/wfs;CEN NA;;https://raw.githack.com/CEN-Nouvelle-Aquitaine/fluxcen/main/missing_metadata.html
WFS;FoncierCEN;Prospections tierces (dpt 86);fonciercen:prospections_tierces_86;https://opendata.cen-nouvelle-aquitaine.org/fonciercen/wfs;CEN NA;;https://raw.githack.com/CEN-Nouvelle-Aquitaine/fluxcen/main/missing_metadata.html
WFS;FoncierCEN;Prospections tierces (dpt 87);fonciercen:prospections_tierces_87;https://opendata.cen-nouvelle-aquitaine.org/fonciercen/wfs;CEN NA;;https://raw.githack.com/CEN-Nouvelle-Aquitaine/fluxcen/main/missing_metadata.html
WFS;FoncierCEN;Parcelles CEN NA en MFU au 31/12/2021;fonciercen:mfu_cenna_2021;https://opendata.cen-nouvelle-aquitaine.org/geoserver/fonciercen/wfs;CEN NA;mfu_cenna;https://raw.githack.com/CEN-Nouvelle-Aquitaine/fluxcen/main/missing_metadata.html
WFS;FoncierCEN;Parcelles CEN NA en MFU;fonciercen:mfu_cenna;https://opendata.cen-nouvelle-aquitaine.org/geoserver/fonciercen/wfs;CEN NA;mfu_cenna;https://raw.githack.com/CEN-Nouvelle-Aquitaine/fluxcen/main/missing_metadata.html
WFS;FoncierCEN;mf_cenna_neoterra_a_verif;fonciercen:mf_cenna_neoterra_a_verif;https://opendata.cen-nouvelle-aquitaine.org/geoserver/fonciercen/wfs;CEN NA;parcelles_af;https://raw.githack.com/CEN-Nouvelle-Aquitaine/fluxcen/main/missing_metadata.html
WFS;FoncierCEN;bilan_neoterra_commune_2020;fonciercen:bilan_neoterra_commune_2020;https://opendata.cen-nouvelle-aquitaine.org/geoserver/fonciercen/wfs;CEN NA;parcelles_af;https://raw.githack.com/CEN-Nouvelle-Aquitaine/fluxcen/main/missing_metadata.html
WFS;FoncierCEN;bilan_neoterra_commune;fonciercen:bilan_neoterra_commune;https://opendata.cen-nouvelle-aquitaine.org/geoserver/fonciercen/wfs;CEN NA;parcelles_af;https://raw.githack.com/CEN-Nouvelle-Aquitaine/fluxcen/main/missing_metadata.html
WFS;FoncierCEN;aire_fonciere_cenna;fonciercen:aire_fonciere_cenna;https://opendata.cen-nouvelle-aquitaine.org/geoserver/fonciercen/wfs;CEN NA;;https://raw.githack.com/CEN-Nouvelle-Aquitaine/fluxcen/main/missing_metadata.html
WFS;ChiroKollect;ChiroKollect : données simplifiées;chirokollect:donnees_simplifiees;https://opendata.cen-nouvelle-aquitaine.org/chirokollect/wfs;CEN NA;;https://raw.githack.com/CEN-Nouvelle-Aquitaine/fluxcen/main/missing_metadata.html
WFS;ChiroKollect;ChiroKollect : données détaillées;chirokollect:donnees_detail;https://opendata.cen-nouvelle-aquitaine.org/chirokollect/wfs;CEN NA;;https://raw.githack.com/CEN-Nouvelle-Aquitaine/fluxcen/main/missing_metadata.html
WFS;ChiroKollect;ChiroKollect : localités;chirokollect:synth_gite_list;https://opendata.cen-nouvelle-aquitaine.org/chirokollect/wfs;CEN NA;;https://raw.githack.com/CEN-Nouvelle-Aquitaine/fluxcen/main/missing_metadata.html
WFS;Mesures compensatoires;Mesures compensatoires des atteintes à la biodiversité _emprises commune;MESURES_COMPENSATOIRES:emprises_commune;https://wxs.ign.fr/environnement/geoportail/wfs?SERVICE=WFS&VERSION=2.0.0&REQUEST=GetCapabilities;IGN;;https://raw.githack.com/CEN-Nouvelle-Aquitaine/fluxcen/main/missing_metadata.html
WFS;Mesures compensatoires;Mesures compensatoires des atteintes à la biodiversité _emprises_linéaires;MESURES_COMPENSATOIRES:emprises_lineaires;https://wxs.ign.fr/environnement/geoportail/wfs?SERVICE=WFS&VERSION=2.0.0&REQUEST=GetCapabilities;IGN;;https://raw.githack.com/CEN-Nouvelle-Aquitaine/fluxcen/main/missing_metadata.html
WFS;Mesures compensatoires;Mesures compensatoires des atteintes à la biodiversité _emprises_polygones;MESURES_COMPENSATOIRES:emprises_polygones;https://wxs.ign.fr/environnement/geoportail/wfs?SERVICE=WFS&VERSION=2.0.0&REQUEST=GetCapabilities;IGN;;https://raw.githack.com/CEN-Nouvelle-Aquitaine/fluxcen/main/missing_metadata.html
WFS;Mesures compensatoires;Mesures compensatoires des atteintes à la biodiversité _emprises_ponctuelles;MESURES_COMPENSATOIRES:emprises_ponctuelles;https://wxs.ign.fr/environnement/geoportail/wfs?SERVICE=WFS&VERSION=2.0.0&REQUEST=GetCapabilities;IGN;;https://raw.githack.com/CEN-Nouvelle-Aquitaine/fluxcen/main/missing_metadata.html
WMS Raster;Fonds cartos;Carte de l'état-major 1 : 40 000 (1820-1866);GEOGRAPHICALGRIDSYSTEMS.ETATMAJOR40;https://wxs.ign.fr/cartes/geoportail/r/wms?SERVICE=WMS&VERSION=1.3.0&REQUEST=GetCapabilities;IGN;;https://raw.githack.com/CEN-Nouvelle-Aquitaine/fluxcen/main/missing_metadata.html
WMS Raster;Fonds cartos;Plan IGN;GEOGRAPHICALGRIDSYSTEMS.PLANIGNV2;https://wxs.ign.fr/cartes/geoportail/r/wms?SERVICE=WMS&VERSION=1.3.0&REQUEST=GetCapabilities;IGN;;https://raw.githack.com/CEN-Nouvelle-Aquitaine/fluxcen/main/missing_metadata.html
WMS Raster;Fonds cartos;SCAN 1000®;SCAN1000_PYR-JPEG_WLD_WM;https://wxs.ign.fr/cartes/geoportail/r/wms?SERVICE=WMS&VERSION=1.3.0&REQUEST=GetCapabilities;IGN;;https://raw.githack.com/CEN-Nouvelle-Aquitaine/fluxcen/main/missing_metadata.html
WMS Raster;Fonds cartos;SCAN 50® 1950;GEOGRAPHICALGRIDSYSTEMS.MAPS.SCAN50.1950;https://wxs.ign.fr/cartes/geoportail/r/wms?SERVICE=WMS&VERSION=1.3.0&REQUEST=GetCapabilities;IGN;;https://raw.githack.com/CEN-Nouvelle-Aquitaine/fluxcen/main/missing_metadata.html
WMS Raster;Fonds cartos;SCAN Départemental®;SCANDEP_PYR-JPEG_FXX_WM;https://wxs.ign.fr/cartes/geoportail/r/wms?SERVICE=WMS&VERSION=1.3.0&REQUEST=GetCapabilities;IGN;;https://raw.githack.com/CEN-Nouvelle-Aquitaine/fluxcen/main/missing_metadata.html
WMS Raster;Fonds cartos;SCAN Régional®;SCANREG_PYR-JPEG_WLD_WM;https://wxs.ign.fr/cartes/geoportail/r/wms?SERVICE=WMS&VERSION=1.3.0&REQUEST=GetCapabilities;IGN;;https://raw.githack.com/CEN-Nouvelle-Aquitaine/fluxcen/main/missing_metadata.html
WMS Raster;Occupation du sol;Corine Land Cover 2018 - France Métropolitaine ;LANDCOVER.CLC18_FR;https://wxs.ign.fr/clc/geoportail/r/wms?SERVICE=WMS&VERSION=1.3.0&REQUEST=GetCapabilities;IGN;;https://raw.githack.com/CEN-Nouvelle-Aquitaine/fluxcen/main/missing_metadata.html
WMS Raster;Fonds cartos;BD ORTHO®;HR.ORTHOIMAGERY.ORTHOPHOTOS;https://wxs.ign.fr/ortho/geoportail/r/wms?SERVICE=WMS&VERSION=1.3.0&REQUEST=GetCapabilities;IGN;;https://raw.githack.com/CEN-Nouvelle-Aquitaine/fluxcen/main/missing_metadata.html
WMS Raster;Fonds cartos;ORTHO Express 2022;ORTHOIMAGERY.ORTHOPHOTOS.ORTHO-EXPRESS.2022;https://wxs.ign.fr/ortho/geoportail/r/wms?SERVICE=WMS&VERSION=1.3.0&REQUEST=GetCapabilities;IGN;;https://raw.githack.com/CEN-Nouvelle-Aquitaine/fluxcen/main/missing_metadata.html
WMS Raster;Fonds cartos;ORTHO Express 2023;ORTHOIMAGERY.ORTHOPHOTOS.ORTHO-EXPRESS.2023;https://wxs.ign.fr/ortho/geoportail/r/wms?SERVICE=WMS&VERSION=1.3.0&REQUEST=GetCapabilities;IGN;;https://raw.githack.com/CEN-Nouvelle-Aquitaine/fluxcen/main/missing_metadata.html
WMS Raster;Fonds cartos;BD ORTHO® (Infrarouge);ORTHOIMAGERY.ORTHOPHOTOS.IRC;https://wxs.ign.fr/ortho/geoportail/r/wms?SERVICE=WMS&VERSION=1.3.0&REQUEST=GetCapabilities;IGN;;https://raw.githack.com/CEN-Nouvelle-Aquitaine/fluxcen/main/missing_metadata.html
WMS Raster;Fonds cartos;BD ORTHO® 1950-1965;ORTHOIMAGERY.ORTHOPHOTOS.1950-1965;https://wxs.ign.fr/orthohisto/geoportail/r/wms?SERVICE=WMS&VERSION=1.3.0&REQUEST=GetCapabilities;IGN;;https://raw.githack.com/CEN-Nouvelle-Aquitaine/fluxcen/main/missing_metadata.html
WMS Raster;Fonds cartos;Photographies aériennes 2000;ORTHOIMAGERY.ORTHOPHOTOS2000;https://wxs.ign.fr/orthohisto/geoportail/r/wms?SERVICE=WMS&VERSION=1.3.0&REQUEST=GetCapabilities;IGN;;https://raw.githack.com/CEN-Nouvelle-Aquitaine/fluxcen/main/missing_metadata.html
WMS Raster;Fonds cartos;Photographies aériennes 2001;ORTHOIMAGERY.ORTHOPHOTOS2001;https://wxs.ign.fr/orthohisto/geoportail/r/wms?SERVICE=WMS&VERSION=1.3.0&REQUEST=GetCapabilities;IGN;;https://raw.githack.com/CEN-Nouvelle-Aquitaine/fluxcen/main/missing_metadata.html
WMS Raster;Fonds cartos;Photographies aériennes 2002;ORTHOIMAGERY.ORTHOPHOTOS2002;https://wxs.ign.fr/orthohisto/geoportail/r/wms?SERVICE=WMS&VERSION=1.3.0&REQUEST=GetCapabilities;IGN;;https://raw.githack.com/CEN-Nouvelle-Aquitaine/fluxcen/main/missing_metadata.html
WMS Raster;Fonds cartos;Photographies aériennes 2003;ORTHOIMAGERY.ORTHOPHOTOS2003;https://wxs.ign.fr/orthohisto/geoportail/r/wms?SERVICE=WMS&VERSION=1.3.0&REQUEST=GetCapabilities;IGN;;https://raw.githack.com/CEN-Nouvelle-Aquitaine/fluxcen/main/missing_metadata.html
WMS Raster;Fonds cartos;Photographies aériennes 2004;ORTHOIMAGERY.ORTHOPHOTOS2004;https://wxs.ign.fr/orthohisto/geoportail/r/wms?SERVICE=WMS&VERSION=1.3.0&REQUEST=GetCapabilities;IGN;;https://raw.githack.com/CEN-Nouvelle-Aquitaine/fluxcen/main/missing_metadata.html
WMS Raster;Fonds cartos;Photographies aériennes 2005;ORTHOIMAGERY.ORTHOPHOTOS2005;https://wxs.ign.fr/orthohisto/geoportail/r/wms?SERVICE=WMS&VERSION=1.3.0&REQUEST=GetCapabilities;IGN;;https://raw.githack.com/CEN-Nouvelle-Aquitaine/fluxcen/main/missing_metadata.html
WMS Raster;Fonds cartos;Photographies aériennes 2006;ORTHOIMAGERY.ORTHOPHOTOS2006;https://wxs.ign.fr/orthohisto/geoportail/r/wms?SERVICE=WMS&VERSION=1.3.0&REQUEST=GetCapabilities;IGN;;https://raw.githack.com/CEN-Nouvelle-Aquitaine/fluxcen/main/missing_metadata.html
WMS Raster;Fonds cartos;Photographies aériennes 2007;ORTHOIMAGERY.ORTHOPHOTOS2007;https://wxs.ign.fr/orthohisto/geoportail/r/wms?SERVICE=WMS&VERSION=1.3.0&REQUEST=GetCapabilities;IGN;;https://raw.githack.com/CEN-Nouvelle-Aquitaine/fluxcen/main/missing_metadata.html
WMS Raster;Fonds cartos;Photographies aériennes 2008;ORTHOIMAGERY.ORTHOPHOTOS2008;https://wxs.ign.fr/orthohisto/geoportail/r/wms?SERVICE=WMS&VERSION=1.3.0&REQUEST=GetCapabilities;IGN;;https://raw.githack.com/CEN-Nouvelle-Aquitaine/fluxcen/main/missing_metadata.html
WMS Raster;Fonds cartos;Photographies aériennes 2009;ORTHOIMAGERY.ORTHOPHOTOS2009;https://wxs.ign.fr/orthohisto/geoportail/r/wms?SERVICE=WMS&VERSION=1.3.0&REQUEST=GetCapabilities;IGN;;https://raw.githack.com/CEN-Nouvelle-Aquitaine/fluxcen/main/missing_metadata.html
WMS Raster;Fonds cartos;Photographies aériennes 2010;ORTHOIMAGERY.ORTHOPHOTOS2010;https://wxs.ign.fr/orthohisto/geoportail/r/wms?SERVICE=WMS&VERSION=1.3.0&REQUEST=GetCapabilities;IGN;;https://raw.githack.com/CEN-Nouvelle-Aquitaine/fluxcen/main/missing_metadata.html
WMS Raster;Fonds cartos;Photographies aériennes 2011;ORTHOIMAGERY.ORTHOPHOTOS2011;https://wxs.ign.fr/orthohisto/geoportail/r/wms?SERVICE=WMS&VERSION=1.3.0&REQUEST=GetCapabilities;IGN;;https://raw.githack.com/CEN-Nouvelle-Aquitaine/fluxcen/main/missing_metadata.html
WMS Raster;Fonds cartos;Photographies aériennes 2012;ORTHOIMAGERY.ORTHOPHOTOS2012;https://wxs.ign.fr/orthohisto/geoportail/r/wms?SERVICE=WMS&VERSION=1.3.0&REQUEST=GetCapabilities;IGN;;https://raw.githack.com/CEN-Nouvelle-Aquitaine/fluxcen/main/missing_metadata.html
WMS Raster;Fonds cartos;Photographies aériennes 2013;ORTHOIMAGERY.ORTHOPHOTOS2013;https://wxs.ign.fr/orthohisto/geoportail/r/wms?SERVICE=WMS&VERSION=1.3.0&REQUEST=GetCapabilities;IGN;;https://raw.githack.com/CEN-Nouvelle-Aquitaine/fluxcen/main/missing_metadata.html
WMS Raster;Fonds cartos;Photographies aériennes 2014;ORTHOIMAGERY.ORTHOPHOTOS2014;https://wxs.ign.fr/orthohisto/geoportail/r/wms?SERVICE=WMS&VERSION=1.3.0&REQUEST=GetCapabilities;IGN;;https://raw.githack.com/CEN-Nouvelle-Aquitaine/fluxcen/main/missing_metadata.html
WMS Raster;Fonds cartos;Photographies aériennes 2015;ORTHOIMAGERY.ORTHOPHOTOS2015;https://wxs.ign.fr/orthohisto/geoportail/r/wms?SERVICE=WMS&VERSION=1.3.0&REQUEST=GetCapabilities;IGN;;https://raw.githack.com/CEN-Nouvelle-Aquitaine/fluxcen/main/missing_metadata.html
WMS Raster;Fonds cartos;Photographies aériennes 2016;ORTHOIMAGERY.ORTHOPHOTOS2016;https://wxs.ign.fr/orthohisto/geoportail/r/wms?SERVICE=WMS&VERSION=1.3.0&REQUEST=GetCapabilities;IGN;;https://raw.githack.com/CEN-Nouvelle-Aquitaine/fluxcen/main/missing_metadata.html
WMS Raster;Fonds cartos;Photographies aériennes 2017;ORTHOIMAGERY.ORTHOPHOTOS2017;https://wxs.ign.fr/orthohisto/geoportail/r/wms?SERVICE=WMS&VERSION=1.3.0&REQUEST=GetCapabilities;IGN;;https://raw.githack.com/CEN-Nouvelle-Aquitaine/fluxcen/main/missing_metadata.html
WMS Raster;Fonds cartos;Photographies aériennes 2018;ORTHOIMAGERY.ORTHOPHOTOS2018;https://wxs.ign.fr/orthohisto/geoportail/r/wms?SERVICE=WMS&VERSION=1.3.0&REQUEST=GetCapabilities;IGN;;https://raw.githack.com/CEN-Nouvelle-Aquitaine/fluxcen/main/missing_metadata.html
WMS Raster;Fonds cartos;Photographies aériennes 2019;ORTHOIMAGERY.ORTHOPHOTOS2019;https://wxs.ign.fr/orthohisto/geoportail/r/wms?SERVICE=WMS&VERSION=1.3.0&REQUEST=GetCapabilities;IGN;;https://raw.githack.com/CEN-Nouvelle-Aquitaine/fluxcen/main/missing_metadata.html
WMS Raster;Fonds cartos;Pléiades 2021 (Satelitte);ORTHOIMAGERY.ORTHO-SAT.PLEIADES.2021;https://wxs.ign.fr/satellite/geoportail/r/wms?SERVICE=WMS&VERSION=1.3.0&REQUEST=GetCapabilities;IGN;;https://raw.githack.com/CEN-Nouvelle-Aquitaine/fluxcen/main/missing_metadata.html
WMS Raster;Fonds cartos;Pléiades 2022 (Satelitte);ORTHOIMAGERY.ORTHO-SAT.PLEIADES.2022;https://wxs.ign.fr/satellite/geoportail/r/wms?SERVICE=WMS&VERSION=1.3.0&REQUEST=GetCapabilities;IGN;;https://raw.githack.com/CEN-Nouvelle-Aquitaine/fluxcen/main/missing_metadata.html
WMS Raster;Fonds cartos;SPOT 2020 (Satelitte);ORTHOIMAGERY.ORTHO-SAT.SPOT.2020;https://wxs.ign.fr/satellite/geoportail/r/wms?SERVICE=WMS&VERSION=1.3.0&REQUEST=GetCapabilities;IGN;;https://raw.githack.com/CEN-Nouvelle-Aquitaine/fluxcen/main/missing_metadata.html
WMS Raster;Fonds cartos;SPOT 2021 (Satelitte);ORTHOIMAGERY.ORTHO-SAT.SPOT.2021;https://wxs.ign.fr/satellite/geoportail/r/wms?SERVICE=WMS&VERSION=1.3.0&REQUEST=GetCapabilities;IGN;;https://raw.githack.com/CEN-Nouvelle-Aquitaine/fluxcen/main/missing_metadata.html
WMS Raster;Réglementation drone;Zones interdites à la prise de vue aérienne;ORTHOIMAGERY.ORTHOPHOS.RESTRICTEDAREAS;https://wxs.ign.fr/ortho/geoportail/r/wms?SERVICE=WMS&VERSION=1.3.0&REQUEST=GetCapabilities;IGN;;https://raw.githack.com/CEN-Nouvelle-Aquitaine/fluxcen/main/missing_metadata.html
WMS Raster;Réglementation drone;Restrictions pour drones de loisir;TRANSPORTS.DRONES.RESTRICTIONS;https://wxs.ign.fr/transports/geoportail/r/wms?SERVICE=WMS&VERSION=1.3.0&REQUEST=GetCapabilities;IGN;;https://raw.githack.com/CEN-Nouvelle-Aquitaine/fluxcen/main/missing_metadata.html
WMS Raster;Réglementation drone;OACI-VFR;SCANOACI_PYR-JPEG_WLD_WM;https://opendata.cen-nouvelle-aquitaine.org/geoserver/fond_carto_cle/wms?SERVICE=WMS&REQUEST=GetCapabilities;IGN;;https://raw.githack.com/CEN-Nouvelle-Aquitaine/fluxcen/main/missing_metadata.html
WMS Raster;Administratif;Strates administratives Nouvelle-Aquitaine ;foncier_agg;https://opendata.cen-nouvelle-aquitaine.org/administratif/wms;IGN;;https://raw.githack.com/CEN-Nouvelle-Aquitaine/fluxcen/main/missing_metadata.html
WMS Raster;Fonds cartos;SCAN 25® IGN;SCAN25TOUR_PYR-JPEG_WLD_WM;https://opendata.cen-nouvelle-aquitaine.org/geoserver/fond_carto_cle/wms?SERVICE=WMS&REQUEST=GetCapabilities;IGN;;https://raw.githack.com/CEN-Nouvelle-Aquitaine/fluxcen/main/missing_metadata.html
WMS Raster;Fonds cartos;SCAN 100® IGN;SCAN100_PYR-JPEG_WLD_WM;https://opendata.cen-nouvelle-aquitaine.org/geoserver/fond_carto_cle/wms?SERVICE=WMS&REQUEST=GetCapabilities;IGN;;https://raw.githack.com/CEN-Nouvelle-Aquitaine/fluxcen/main/missing_metadata.html
WMS Raster;Fonds cartos;TRANSPORTS.DRONES.RESTRICTIONS;TRANSPORTS.DRONES.RESTRICTIONS;https://opendata.cen-nouvelle-aquitaine.org/geoserver/fond_carto/wms?SERVICE=WMS&REQUEST=GetCapabilities;IGN;;https://raw.githack.com/CEN-Nouvelle-Aquitaine/fluxcen/main/missing_metadata.html
WMS Raster;Fonds cartos;Fond carto altimétrie Aquitain;fond_carto_alti_aquitaine;https://opendata.cen-nouvelle-aquitaine.org/geoserver/fond_carto/wms?SERVICE=WMS&REQUEST=GetCapabilities;IGN;;https://raw.githack.com/CEN-Nouvelle-Aquitaine/fluxcen/main/missing_metadata.html
WMS Raster;Fonds cartos;Fond carto altimétrie Limousin;fond_carto_alti_limousin;https://opendata.cen-nouvelle-aquitaine.org/geoserver/fond_carto/wms?SERVICE=WMS&REQUEST=GetCapabilities;IGN;;https://raw.githack.com/CEN-Nouvelle-Aquitaine/fluxcen/main/missing_metadata.html
WMS Raster;Fonds cartos;Fond carto altimétrie Poitou-Charentes;fond_carto_alti_pc;https://opendata.cen-nouvelle-aquitaine.org/geoserver/fond_carto/wms?SERVICE=WMS&REQUEST=GetCapabilities;IGN;;https://raw.githack.com/CEN-Nouvelle-Aquitaine/fluxcen/main/missing_metadata.html
WFS;Périmètres écologiques;Parcelles en ZPENS du Département de la Gironde;ens_zones_de_preemption_parcelles:Parcelles_ZPENS;https://sig.gironde.fr/arcgis/services/ens_zones_de_preemption_parcelles/MapServer/WFSServer;Département de la Gironde;;https://raw.githack.com/CEN-Nouvelle-Aquitaine/fluxcen/main/missing_metadata.html
WFS;Périmètres écologiques;Parcelles en ZPENS du Département de la Charente-Maritime;CG17:zpens_2022;https://geo.geoplateforme17.fr/CG17/wfs;Département de la Charente-Maritime;;https://raw.githack.com/CEN-Nouvelle-Aquitaine/fluxcen/main/missing_metadata.html
WFS;Périmètres écologiques;Parcelles en ZPENS du Département de la Dordogne;perimetres_ecologiques:parcelles_zpens_24;https://opendata.cen-nouvelle-aquitaine.org/perimetres_ecologiques/wfs;Département de la Dordogne;;https://data.dordogne.fr/datasets/01d1dc16993b4c3fb8ded97f51cec0e9_0/about
WFS;Périmètres écologiques;Espaces Naturels Sensibles du Département du Lot-et-Garonne;perimetres_ecologiques:ens_47;https://opendata.cen-nouvelle-aquitaine.org/perimetres_ecologiques/wfs;Département du Lot-et-Garonne;;https://raw.githack.com/CEN-Nouvelle-Aquitaine/fluxcen/main/missing_metadata.html
WFS;Périmètres écologiques;Espaces Naturels Sensibles (couche en construction);Espaces_naturels_sensibles;https://ws.carmencarto.fr/WFS/119/fxx_inpn;INPN;;https://raw.githack.com/CEN-Nouvelle-Aquitaine/fluxcen/main/missing_metadata.html
WFS;Périmètres écologiques;Arrêtés de protection de biotope;Arretes_de_protection_de_biotope;http://ws.carmencarto.fr/WFS/119/fxx_inpn?;INPN;;https://raw.githack.com/CEN-Nouvelle-Aquitaine/fluxcen/main/missing_metadata.html
WFS;Périmètres écologiques;Parcs nationaux;Parcs_nationaux;http://ws.carmencarto.fr/WFS/119/fxx_inpn?;INPN;;https://raw.githack.com/CEN-Nouvelle-Aquitaine/fluxcen/main/missing_metadata.html
WFS;Périmètres écologiques;Parcs naturels marins;Parc_naturel_marin;http://ws.carmencarto.fr/WFS/119/fxx_inpn?;INPN;;https://raw.githack.com/CEN-Nouvelle-Aquitaine/fluxcen/main/missing_metadata.html
WFS;Périmètres écologiques;Parcs naturels régionaux;Parcs_naturels_regionaux;http://ws.carmencarto.fr/WFS/119/fxx_inpn?;INPN;;https://raw.githack.com/CEN-Nouvelle-Aquitaine/fluxcen/main/missing_metadata.html
WFS;Périmètres écologiques;Réserves naturelles Nationales;Reserves_Naturelles_Nationales;http://ws.carmencarto.fr/WFS/119/fxx_inpn?;INPN;RNN;https://raw.githack.com/CEN-Nouvelle-Aquitaine/fluxcen/main/missing_metadata.html
WFS;Périmètres écologiques;Réserves naturelles Régionales;Reserves_naturelles_regionales;http://ws.carmencarto.fr/WFS/119/fxx_inpn?;INPN;RNR;https://raw.githack.com/CEN-Nouvelle-Aquitaine/fluxcen/main/missing_metadata.html
WFS;Périmètres écologiques;Sites d'importance communautaire (SIC - Natura 2000);Sites_d_importance_communautaire;http://ws.carmencarto.fr/WFS/119/fxx_inpn?;INPN;;https://raw.githack.com/CEN-Nouvelle-Aquitaine/fluxcen/main/missing_metadata.html
WFS;Périmètres écologiques;Sites d'importance communautaire publiés au JOUE (ZSC/SIC - Natura 2000);Sites_d_importance_communautaire_JOUE__ZSC_SIC_;http://ws.carmencarto.fr/WFS/119/fxx_inpn?;INPN;;https://raw.githack.com/CEN-Nouvelle-Aquitaine/fluxcen/main/missing_metadata.html
WFS;Périmètres écologiques;ZNIEFF de type 1;Znieff1;http://ws.carmencarto.fr/WFS/119/fxx_inpn?;INPN;znieff1;https://raw.githack.com/CEN-Nouvelle-Aquitaine/fluxcen/main/missing_metadata.html
WFS;Périmètres écologiques;ZNIEFF de type 2;Znieff2;http://ws.carmencarto.fr/WFS/119/fxx_inpn?;INPN;znieff2;https://raw.githack.com/CEN-Nouvelle-Aquitaine/fluxcen/main/missing_metadata.html
WFS;Périmètres écologiques;Zones Importantes pour la Conservation des Oiseaux;ZICO;http://ws.carmencarto.fr/WFS/119/fxx_inpn?;INPN;;https://raw.githack.com/CEN-Nouvelle-Aquitaine/fluxcen/main/missing_metadata.html
WFS;Périmètres écologiques;Zones de Protection Spéciales (ZPS - Natura 2000);Zones_de_protection_speciale;http://ws.carmencarto.fr/WFS/119/fxx_inpn?;INPN;;https://raw.githack.com/CEN-Nouvelle-Aquitaine/fluxcen/main/missing_metadata.html
WFS;Périmètres écologiques;Réserves Nationales de Chasse et de Faune Sauvage;Reserves_nationales_de_chasse_et_faune_sauvage;http://ws.carmencarto.fr/WFS/119/fxx_inpn?;INPN;;https://raw.githack.com/CEN-Nouvelle-Aquitaine/fluxcen/main/missing_metadata.html
WFS;Périmètres écologiques;Réserves de Biosphère;Reserves_de_la_biosphere;http://ws.carmencarto.fr/WFS/119/fxx_inpn?;INPN;;https://raw.githack.com/CEN-Nouvelle-Aquitaine/fluxcen/main/missing_metadata.html
WFS;Périmètres écologiques;Réserves biologiques;Reserves_biologiques;http://ws.carmencarto.fr/WFS/119/fxx_inpn?;INPN;;https://raw.githack.com/CEN-Nouvelle-Aquitaine/fluxcen/main/missing_metadata.html
WFS;Périmètres écologiques;Arretés de protection d'habitats naturels;Arretes_de_protection_d_habitats_naturels;http://ws.carmencarto.fr/WFS/119/fxx_inpn?;INPN;;https://raw.githack.com/CEN-Nouvelle-Aquitaine/fluxcen/main/missing_metadata.html
WFS;Périmètres écologiques;Inventaire National du Patrimoine Géologique;INPG;http://ws.carmencarto.fr/WFS/119/fxx_inpn?;INPN;;https://raw.githack.com/CEN-Nouvelle-Aquitaine/fluxcen/main/missing_metadata.html
WFS;Périmètres écologiques;Sites Ramsar;Sites_Ramsar;http://ws.carmencarto.fr/WFS/119/fxx_inpn?;INPN;;https://raw.githack.com/CEN-Nouvelle-Aquitaine/fluxcen/main/missing_metadata.html
WFS;Périmètres écologiques;Terrains du Conservatoire de Littoral;Terrains_du_Conservatoire_du_Littoral;http://ws.carmencarto.fr/WFS/119/fxx_inpn?;INPN;;https://raw.githack.com/CEN-Nouvelle-Aquitaine/fluxcen/main/missing_metadata.html
WFS;Périmètres écologiques;Terrains gérés par les Conservatoires d'espaces naturels;CEN_MU;http://ws.carmencarto.fr/WFS/119/fxx_inpn?;INPN;;https://raw.githack.com/CEN-Nouvelle-Aquitaine/fluxcen/main/missing_metadata.html
WFS;Périmètres écologiques;Sites d'importance communautaire animés par le CEN;perimetres_ecologiques:sic_anim_cen;https://opendata.cen-nouvelle-aquitaine.org/geoserver/perimetres_ecologiques/wfs?SERVICE=WFS&REQUEST=GetCapabilities;INPN;;https://raw.githack.com/CEN-Nouvelle-Aquitaine/fluxcen/main/missing_metadata.html
WFS;Géologie;Tableau d'assemblage des cartes géologiques au 1/50 000ème imprimées;SCAN_F_GEOL50_CATALOG;http://geoservices.brgm.fr/geologie;BRGM;;https://raw.githack.com/CEN-Nouvelle-Aquitaine/fluxcen/main/missing_metadata.html
WMS Raster;Géologie;IDPR - Indice de Développement et de Persistance des Réseaux;IDPR;http://geoservices.brgm.fr/geologie;BRGM;;https://raw.githack.com/CEN-Nouvelle-Aquitaine/fluxcen/main/missing_metadata.html
WMS Raster;Géologie;GéoServices : géologie, hydrogéologie et gravimétrie;GEOSERVICES_GEOLOGIE;http://geoservices.brgm.fr/geologie;BRGM;;https://raw.githack.com/CEN-Nouvelle-Aquitaine/fluxcen/main/missing_metadata.html
WMS Raster;Géologie;Carte lithologique simplifiée au 1/1 000 000;LITHO_1M_SIMPLIFIEE;http://geoservices.brgm.fr/geologie;BRGM;;https://raw.githack.com/CEN-Nouvelle-Aquitaine/fluxcen/main/missing_metadata.html
WMS Raster;Géologie;Ouvrages de la banque du sous-sol;BSS;http://geoservices.brgm.fr/geologie;BRGM;;https://raw.githack.com/CEN-Nouvelle-Aquitaine/fluxcen/main/missing_metadata.html
WMS Raster;Géologie;Référentiel des points d'eau BSS EAU;BSS_EAU;http://geoservices.brgm.fr/geologie;BRGM;;https://raw.githack.com/CEN-Nouvelle-Aquitaine/fluxcen/main/missing_metadata.html
WMS Raster;Géologie;Référentiel des points d'eau BSS EAU - Points d'eau avec des mesures de niveau d'eau;BSS_EAU_QT;http://geoservices.brgm.fr/geologie;BRGM;;https://raw.githack.com/CEN-Nouvelle-Aquitaine/fluxcen/main/missing_metadata.html
WMS Raster;Géologie;Bases gravimétriques;GRAVI_BASE;http://geoservices.brgm.fr/geologie;BRGM;;https://raw.githack.com/CEN-Nouvelle-Aquitaine/fluxcen/main/missing_metadata.html
WMS Raster;Géologie;Stations gravimétriques;GRAVI_STATION;http://geoservices.brgm.fr/geologie;BRGM;;https://raw.githack.com/CEN-Nouvelle-Aquitaine/fluxcen/main/missing_metadata.html
WMS Raster;Géologie;Campagnes aéro-magnétiques;AEROMAG_CAMPAGNE;http://geoservices.brgm.fr/geologie;BRGM;;https://raw.githack.com/CEN-Nouvelle-Aquitaine/fluxcen/main/missing_metadata.html
WMS Raster;Géologie;Cartes géologiques;GEOLOGIE;http://geoservices.brgm.fr/geologie;BRGM;;https://raw.githack.com/CEN-Nouvelle-Aquitaine/fluxcen/main/missing_metadata.html
WMS Raster;Géologie;Base géologie marine;BGM;http://geoservices.brgm.fr/geologie;BRGM;;https://raw.githack.com/CEN-Nouvelle-Aquitaine/fluxcen/main/missing_metadata.html
WMS Raster;Géologie;Gisements, gîtes, indices;GITES;http://geoservices.brgm.fr/geologie;BRGM;;https://raw.githack.com/CEN-Nouvelle-Aquitaine/fluxcen/main/missing_metadata.html
WMS Raster;Géologie;Mines;MINES;http://geoservices.brgm.fr/geologie;BRGM;;https://raw.githack.com/CEN-Nouvelle-Aquitaine/fluxcen/main/missing_metadata.html
WMS Raster;Risques;Services cartographiques de diffusion des données GéoRisques;GEORISQUES_SERVICES;https://www.georisques.gouv.fr/services;BRGM;;https://raw.githack.com/CEN-Nouvelle-Aquitaine/fluxcen/main/missing_metadata.html
WMS Raster;Risques;Cavités souterraines abandonnées d'origine non minière;CAVITE_LOCALISEE;https://www.georisques.gouv.fr/services;BRGM;;https://raw.githack.com/CEN-Nouvelle-Aquitaine/fluxcen/main/missing_metadata.html
WMS Raster;Risques;Mouvements de Terrain;MVT_LOCALISE;https://www.georisques.gouv.fr/services;BRGM;;https://raw.githack.com/CEN-Nouvelle-Aquitaine/fluxcen/main/missing_metadata.html
WMS Raster;Risques;Exposition au retrait-gonflement des argiles;ALEARG;https://www.georisques.gouv.fr/services;BRGM;;https://raw.githack.com/CEN-Nouvelle-Aquitaine/fluxcen/main/missing_metadata.html
WMS Raster;Risques;Séismes historiques potentiellement ressentis;SIS_INTENSITE;https://www.georisques.gouv.fr/services;BRGM;;https://raw.githack.com/CEN-Nouvelle-Aquitaine/fluxcen/main/missing_metadata.html
WMS Raster;Risques;Installations classées;INSTALLATIONS_CLASSEES_SIMPLIFIE;https://www.georisques.gouv.fr/services;BRGM;;https://raw.githack.com/CEN-Nouvelle-Aquitaine/fluxcen/main/missing_metadata.html
WMS Raster;Risques;Etablissements Pollueurs;ETABLISSEMENTS_POLLUEURS;https://www.georisques.gouv.fr/services;BRGM;;https://raw.githack.com/CEN-Nouvelle-Aquitaine/fluxcen/main/missing_metadata.html
WMS Raster;Risques;Communes concernées par un PPR naturel;PPRN_COMMUNE_GASPAR;https://www.georisques.gouv.fr/services;BRGM;;https://raw.githack.com/CEN-Nouvelle-Aquitaine/fluxcen/main/missing_metadata.html
WMS Raster;Risques;Communes concernées par un PPR Avalanche approuvé;PPRN_COMMUNE_AVALANCHE_APPROUV;https://www.georisques.gouv.fr/services;BRGM;;https://raw.githack.com/CEN-Nouvelle-Aquitaine/fluxcen/main/missing_metadata.html
WMS Raster;Risques;Communes concernées par un PPR Avalanche prescrit;PPRN_COMMUNE_AVALANCHE_PRESCRIT;https://www.georisques.gouv.fr/services;BRGM;;https://raw.githack.com/CEN-Nouvelle-Aquitaine/fluxcen/main/missing_metadata.html
WMS Raster;Risques;Communes concernées par un PPR Phénomènes météorologiques approuvé;PPRN_COMMUNE_ATMOS_APPROUV;https://www.georisques.gouv.fr/services;BRGM;;https://raw.githack.com/CEN-Nouvelle-Aquitaine/fluxcen/main/missing_metadata.html
WMS Raster;Risques;Communes concernées par un PPR Phénomènes météorologiques prescrit;PPRN_COMMUNE_ATMOS_PRESCRIT;https://www.georisques.gouv.fr/services;BRGM;;https://raw.githack.com/CEN-Nouvelle-Aquitaine/fluxcen/main/missing_metadata.html
WMS Raster;Risques;Communes concernées par un PPR Inondation approuvé;PPRN_COMMUNE_RISQINOND_APPROUV;https://www.georisques.gouv.fr/services;BRGM;;https://raw.githack.com/CEN-Nouvelle-Aquitaine/fluxcen/main/missing_metadata.html
WMS Raster;Risques;Communes concernées par un PPR Inondation prescrit;PPRN_COMMUNE_RISQINOND_PRESCRIT;https://www.georisques.gouv.fr/services;BRGM;;https://raw.githack.com/CEN-Nouvelle-Aquitaine/fluxcen/main/missing_metadata.html
WMS Raster;Risques;Communes concernées par un PPR Inondation par sumersion marine approuvé;PPRN_COMMUNE_SUBMAR_APPROUV;https://www.georisques.gouv.fr/services;BRGM;;https://raw.githack.com/CEN-Nouvelle-Aquitaine/fluxcen/main/missing_metadata.html
WMS Raster;Risques;Communes concernées par un PPR Inondation par sumersion marine prescrit;PPRN_COMMUNE_SUBMAR_PRESCRIT;https://www.georisques.gouv.fr/services;BRGM;;https://raw.githack.com/CEN-Nouvelle-Aquitaine/fluxcen/main/missing_metadata.html
WMS Raster;Risques;Communes concernées par un PPR Feu de forêt approuvé;PPRN_COMMUNE_FEU_APPROUV;https://www.georisques.gouv.fr/services;BRGM;;https://raw.githack.com/CEN-Nouvelle-Aquitaine/fluxcen/main/missing_metadata.html
WMS Raster;Risques;Communes concernées par un PPR Feu de forêt prescrit;PPRN_COMMUNE_FEU_PRESCRIT;https://www.georisques.gouv.fr/services;BRGM;;https://raw.githack.com/CEN-Nouvelle-Aquitaine/fluxcen/main/missing_metadata.html
WMS Raster;Risques;Communes concernées par un PPR Mouvement de terrain approuvé;PPRN_COMMUNE_MVT_APPROUV;https://www.georisques.gouv.fr/services;BRGM;;https://raw.githack.com/CEN-Nouvelle-Aquitaine/fluxcen/main/missing_metadata.html
WMS Raster;Risques;Communes concernées par un PPR Mouvement de terrain prescrit;PPRN_COMMUNE_MVT_PRESCRIT;https://www.georisques.gouv.fr/services;BRGM;;https://raw.githack.com/CEN-Nouvelle-Aquitaine/fluxcen/main/missing_metadata.html
WMS Raster;Risques;Communes concernées par un PPR Mouvement de terrain - Affaissements et effondrements (Cavités souterraines) approuvé;PPRN_COMMUNE_CAVITE_APPROUV;https://www.georisques.gouv.fr/services;BRGM;;https://raw.githack.com/CEN-Nouvelle-Aquitaine/fluxcen/main/missing_metadata.html
WMS Raster;Risques;Communes concernées par un PPR Mouvement de terrain - Affaissements et effondrements (Cavités souterraines) prescrit;PPRN_COMMUNE_CAVITE_PRESCRIT;https://www.georisques.gouv.fr/services;BRGM;;https://raw.githack.com/CEN-Nouvelle-Aquitaine/fluxcen/main/missing_metadata.html
WMS Raster;Risques;Communes concernées par un PPR Mouvement de terrain - Tassements différentiels (Argile) approuvé;PPRN_COMMUNE_ARGILE_APPROUV;https://www.georisques.gouv.fr/services;BRGM;;https://raw.githack.com/CEN-Nouvelle-Aquitaine/fluxcen/main/missing_metadata.html
WMS Raster;Risques;Communes concernées par un PPR Mouvement de terrain - Tassements différentiels (Argile) prescrit;PPRN_COMMUNE_ARGILE_PRESCRIT;https://www.georisques.gouv.fr/services;BRGM;;https://raw.githack.com/CEN-Nouvelle-Aquitaine/fluxcen/main/missing_metadata.html
WMS Raster;Risques;Communes concernées par un PPR technologiques;PPRT_COMMUNE_GASPAR;https://www.georisques.gouv.fr/services;BRGM;;https://raw.githack.com/CEN-Nouvelle-Aquitaine/fluxcen/main/missing_metadata.html
WMS Raster;Risques;Communes concernées par un PPR Risque industriel approuvé;PPRT_COMMUNE_RISQIND_APPROUV;https://www.georisques.gouv.fr/services;BRGM;;https://raw.githack.com/CEN-Nouvelle-Aquitaine/fluxcen/main/missing_metadata.html
WMS Raster;Risques;Communes concernées par un PPR Risque industriel prescrit;PPRT_COMMUNE_RISQIND_PRESCRIT;https://www.georisques.gouv.fr/services;BRGM;;https://raw.githack.com/CEN-Nouvelle-Aquitaine/fluxcen/main/missing_metadata.html
WMS Raster;Risques;Limites de commune concernée par un TRI - France métropolitaine - Rapportage 2020;COMMUNE_FXX;https://www.georisques.gouv.fr/services;BRGM;;https://raw.githack.com/CEN-Nouvelle-Aquitaine/fluxcen/main/missing_metadata.html
WMS Raster;Risques;Réseaux - France métropolitaine - Rapportage 2020;ENJEUX_RESEAUX_FXX;https://www.georisques.gouv.fr/services;BRGM;;https://raw.githack.com/CEN-Nouvelle-Aquitaine/fluxcen/main/missing_metadata.html
WMS Raster;Risques;Etablissements sensibles - France métropolitaine - Rapportage 2020;ENJEUX_ETS_SENSIBLES_FXX;https://www.georisques.gouv.fr/services;BRGM;;https://raw.githack.com/CEN-Nouvelle-Aquitaine/fluxcen/main/missing_metadata.html
WMS Raster;Risques;Limite de zones de protection naturelle - France métropolitaine - Rapportage 2020;ENJEUX_ZONENATURELLE_FXX;https://www.georisques.gouv.fr/services;BRGM;;https://raw.githack.com/CEN-Nouvelle-Aquitaine/fluxcen/main/missing_metadata.html
WMS Raster;Risques;Zone d'activité - France métropolitaine - Rapportage 2020;ENJEUX_ZONEACT_FXX;https://www.georisques.gouv.fr/services;BRGM;;https://raw.githack.com/CEN-Nouvelle-Aquitaine/fluxcen/main/missing_metadata.html
WMS Raster;Risques;Etablissements classés IED - France métropolitaine - Rapportage 2020;ENJEUX_IED_FXX;https://www.georisques.gouv.fr/services;BRGM;;https://raw.githack.com/CEN-Nouvelle-Aquitaine/fluxcen/main/missing_metadata.html
WMS Raster;Risques;Patrimoine culturel - France métropolitaine - Rapportage 2020;ENJEUX_CULT_FXX;https://www.georisques.gouv.fr/services;BRGM;;https://raw.githack.com/CEN-Nouvelle-Aquitaine/fluxcen/main/missing_metadata.html
WMS Raster;Risques;Station d'épuration supérieure à 2000 Equivalent Habitant - France métropolitaine - Rapportage 2020;ENJEUX_STEP_FXX;https://www.georisques.gouv.fr/services;BRGM;;https://raw.githack.com/CEN-Nouvelle-Aquitaine/fluxcen/main/missing_metadata.html
WMS Raster;Risques;Surface inondable - Aléa débordement de cours d'eau fréquent ou décennal - France métropolitaine - Rapportage 2020;ALEA_SYNT_01_01FOR_FXX;https://www.georisques.gouv.fr/services;BRGM;;https://raw.githack.com/CEN-Nouvelle-Aquitaine/fluxcen/main/missing_metadata.html
WMS Raster;Risques;Surface inondable - Aléa débordement de cours d'eau moyen ou centennal - France métropolitaine - Rapportage 2020;ALEA_SYNT_01_02MOY_FXX;https://www.georisques.gouv.fr/services;BRGM;;https://raw.githack.com/CEN-Nouvelle-Aquitaine/fluxcen/main/missing_metadata.html
WMS Raster;Risques;Surface inondable - Aléa débordement de cours d'eau moyen ou centennal avec prise en compte du changement climatique - France métropolitaine - Rapportage 2020;ALEA_SYNT_01_03MCC_FXX;https://www.georisques.gouv.fr/services;BRGM;;https://raw.githack.com/CEN-Nouvelle-Aquitaine/fluxcen/main/missing_metadata.html
WMS Raster;Risques;Surface inondable - Aléa débordement de cours d'eau rare ou millénial - France métropolitaine - Rapportage 2020;ALEA_SYNT_01_04FAI_FXX;https://www.georisques.gouv.fr/services;BRGM;;https://raw.githack.com/CEN-Nouvelle-Aquitaine/fluxcen/main/missing_metadata.html
WMS Raster;Risques;Surface inondable - Aléa ruissellement fréquent ou décennal - France métropolitaine - Rapportage 2020;ALEA_SYNT_02_01FOR_FXX;https://www.georisques.gouv.fr/services;BRGM;;https://raw.githack.com/CEN-Nouvelle-Aquitaine/fluxcen/main/missing_metadata.html
WMS Raster;Risques;Surface inondable - Aléa ruissellement moyen ou centennal - France métropolitaine - Rapportage 2020;ALEA_SYNT_02_02MOY_FXX;https://www.georisques.gouv.fr/services;BRGM;;https://raw.githack.com/CEN-Nouvelle-Aquitaine/fluxcen/main/missing_metadata.html
WMS Raster;Risques;Surface inondable - Aléa ruissellement rare ou millénial - France métropolitaine - Rapportage 2020;ALEA_SYNT_02_04FAI_FXX;https://www.georisques.gouv.fr/services;BRGM;;https://raw.githack.com/CEN-Nouvelle-Aquitaine/fluxcen/main/missing_metadata.html
WMS Raster;Risques;Surface inondable - Aléa submersion fréquent ou décennal - France métropolitaine - Rapportage 2020;ALEA_SYNT_03_01FOR_FXX;https://www.georisques.gouv.fr/services;BRGM;;https://raw.githack.com/CEN-Nouvelle-Aquitaine/fluxcen/main/missing_metadata.html
WMS Raster;Risques;Surface inondable - Aléa submersion moyen ou centennal - France métropolitaine - Rapportage 2020;ALEA_SYNT_03_02MOY_FXX;https://www.georisques.gouv.fr/services;BRGM;;https://raw.githack.com/CEN-Nouvelle-Aquitaine/fluxcen/main/missing_metadata.html
WMS Raster;Risques;Surface inondable - Aléa submersion moyen ou centennal avec prise en compte du changement climatique - France métropolitaine - Rapportage 2020;ALEA_SYNT_03_03MCC_FXX;https://www.georisques.gouv.fr/services;BRGM;;https://raw.githack.com/CEN-Nouvelle-Aquitaine/fluxcen/main/missing_metadata.html
WMS Raster;Risques;Surface inondable - Aléa submersion rare ou millénial - France métropolitaine - Rapportage 2020;ALEA_SYNT_03_04FAI_FXX;https://www.georisques.gouv.fr/services;BRGM;;https://raw.githack.com/CEN-Nouvelle-Aquitaine/fluxcen/main/missing_metadata.html
WMS Raster;Risques;Hauteurs d'eau - Aléa débordement de cours d'eau fréquent ou décennal - France métropolitaine - Rapportage 2020;ISO_HT_01_01FOR_FXX;https://www.georisques.gouv.fr/services;BRGM;;https://raw.githack.com/CEN-Nouvelle-Aquitaine/fluxcen/main/missing_metadata.html
WMS Raster;Risques;Hauteurs d'eau - Aléa débordement de cours d'eau moyen ou centennal - France métropolitaine - Rapportage 2020;ISO_HT_01_02MOY_FXX;https://www.georisques.gouv.fr/services;BRGM;;https://raw.githack.com/CEN-Nouvelle-Aquitaine/fluxcen/main/missing_metadata.html
WMS Raster;Risques;Hauteurs d'eau - Aléa débordement de cours d'eau moyen ou centennal avec prise en compte du changement climatique - France métropolitaine - Rapportage 2020;ISO_HT_01_03MCC_FXX;https://www.georisques.gouv.fr/services;BRGM;;https://raw.githack.com/CEN-Nouvelle-Aquitaine/fluxcen/main/missing_metadata.html
WMS Raster;Risques;Hauteurs d'eau - Aléa débordement de cours d'eau rare ou millénial - France métropolitaine - Rapportage 2020;ISO_HT_01_04FAI_FXX;https://www.georisques.gouv.fr/services;BRGM;;https://raw.githack.com/CEN-Nouvelle-Aquitaine/fluxcen/main/missing_metadata.html
WMS Raster;Risques;Hauteurs d'eau - Aléa ruissellement fréquent ou décennal - France métropolitaine - Rapportage 2020;ISO_HT_02_01FOR_FXX;https://www.georisques.gouv.fr/services;BRGM;;https://raw.githack.com/CEN-Nouvelle-Aquitaine/fluxcen/main/missing_metadata.html
WMS Raster;Risques;Hauteurs d'eau - Aléa ruissellement moyen ou centennal - France métropolitaine - Rapportage 2020;ISO_HT_02_02MOY_FXX;https://www.georisques.gouv.fr/services;BRGM;;https://raw.githack.com/CEN-Nouvelle-Aquitaine/fluxcen/main/missing_metadata.html
WMS Raster;Risques;Hauteurs d'eau - Aléa ruissellement rare ou millénial - France métropolitaine - Rapportage 2020;ISO_HT_02_04FAI_FXX;https://www.georisques.gouv.fr/services;BRGM;;https://raw.githack.com/CEN-Nouvelle-Aquitaine/fluxcen/main/missing_metadata.html
WMS Raster;Risques;Hauteurs d'eau - Aléa submersion fréquent ou décennal - France métropolitaine - Rapportage 2020;ISO_HT_03_01FOR_FXX;https://www.georisques.gouv.fr/services;BRGM;;https://raw.githack.com/CEN-Nouvelle-Aquitaine/fluxcen/main/missing_metadata.html
WMS Raster;Risques;Hauteurs d'eau - Aléa submersion moyen ou centennal - France métropolitaine - Rapportage 2020;ISO_HT_03_02MOY_FXX;https://www.georisques.gouv.fr/services;BRGM;;https://raw.githack.com/CEN-Nouvelle-Aquitaine/fluxcen/main/missing_metadata.html
WMS Raster;Risques;Hauteurs d'eau - Aléa submersion moyen ou centennal avec prise en compte du changement climatique - France métropolitaine - Rapportage 2020;ISO_HT_03_03MCC_FXX;https://www.georisques.gouv.fr/services;BRGM;;https://raw.githack.com/CEN-Nouvelle-Aquitaine/fluxcen/main/missing_metadata.html
WMS Raster;Risques;Hauteurs d'eau - Aléa submersion rare ou millénial - France métropolitaine - Rapportage 2020;ISO_HT_03_04FAI_FXX;https://www.georisques.gouv.fr/services;BRGM;;https://raw.githack.com/CEN-Nouvelle-Aquitaine/fluxcen/main/missing_metadata.html
WMS Raster;Risques;Ouvrage de protection - France métropolitaine - Rapportage 2020;OUV_PROTECTION_FXX;https://www.georisques.gouv.fr/services;BRGM;;https://raw.githack.com/CEN-Nouvelle-Aquitaine/fluxcen/main/missing_metadata.html
WMS Raster;Risques;Zones soustraites à l'aléa inondation - France métropolitaine - Rapportage 2020;OUV_ZONSSINOND_FXX;https://www.georisques.gouv.fr/services;BRGM;;https://raw.githack.com/CEN-Nouvelle-Aquitaine/fluxcen/main/missing_metadata.html
WMS Raster;Risques;Zones de sur-aléa inondation - France métropolitaine - Rapportage 2020;OUV_ZONSALEA_FXX;https://www.georisques.gouv.fr/services;BRGM;;https://raw.githack.com/CEN-Nouvelle-Aquitaine/fluxcen/main/missing_metadata.html
WMS Raster;Risques;Périmètre de TRI - France métropolitaine - Rapportage 2020;LIMITETRI_FXX;https://www.georisques.gouv.fr/services;BRGM;;https://raw.githack.com/CEN-Nouvelle-Aquitaine/fluxcen/main/missing_metadata.html
WMS Raster;Risques;PPR Inondation - France métropolitaine;PPRN_INOND_FXX;https://www.georisques.gouv.fr/services;BRGM;;https://raw.githack.com/CEN-Nouvelle-Aquitaine/fluxcen/main/missing_metadata.html
WMS Raster;Risques;Périmètres des PPR Inondation - France métropolitaine;PPRN_PERIMETRE_INOND_FXX;https://www.georisques.gouv.fr/services;BRGM;;https://raw.githack.com/CEN-Nouvelle-Aquitaine/fluxcen/main/missing_metadata.html
WMS Raster;Risques;Périmètres des PPR Littoraux - France métropolitaine;PPRN_PERIMETRE_SUBMAR_FXX;https://www.georisques.gouv.fr/services;BRGM;;https://raw.githack.com/CEN-Nouvelle-Aquitaine/fluxcen/main/missing_metadata.html
WMS Raster;Risques;Zonage réglementaire des PPR Inondation - France métropolitaine;PPRN_ZONE_INOND_FXX;https://www.georisques.gouv.fr/services;BRGM;;https://raw.githack.com/CEN-Nouvelle-Aquitaine/fluxcen/main/missing_metadata.html
WMS Raster;Risques;Zonage réglementaire des PPR littoraux - France métropolitaine;PPRN_ZONE_SUBMAR_FXX;https://www.georisques.gouv.fr/services;BRGM;;https://raw.githack.com/CEN-Nouvelle-Aquitaine/fluxcen/main/missing_metadata.html
WMS Raster;Risques;PPR Mouvement de terrain - France métropolitaine;PPRN_MVT_FXX;https://www.georisques.gouv.fr/services;BRGM;;https://raw.githack.com/CEN-Nouvelle-Aquitaine/fluxcen/main/missing_metadata.html
WMS Raster;Risques;Périmètres des PPR Mouvement de terrain - France métropolitaine;PPRN_PERIMETRE_MVT_FXX;https://www.georisques.gouv.fr/services;BRGM;;https://raw.githack.com/CEN-Nouvelle-Aquitaine/fluxcen/main/missing_metadata.html
WMS Raster;Risques;Périmètres des PPR Mouvement de terrain - Affaissements et effondrements (Cavités souterraines) - France métropolitaine;PPRN_PERIMETRE_CAV_FXX;https://www.georisques.gouv.fr/services;BRGM;;https://raw.githack.com/CEN-Nouvelle-Aquitaine/fluxcen/main/missing_metadata.html
WMS Raster;Risques;Périmètres des PPR Mouvement de terrain - Tassements différentiels (Argile) - France métropolitaine;PPRN_PERIMETRE_TSD_FXX;https://www.georisques.gouv.fr/services;BRGM;;https://raw.githack.com/CEN-Nouvelle-Aquitaine/fluxcen/main/missing_metadata.html
WMS Raster;Risques;Zonage réglementaire des PPR Mouvement de terrain - France métropolitaine;PPRN_ZONE_MVT_FXX;https://www.georisques.gouv.fr/services;BRGM;;https://raw.githack.com/CEN-Nouvelle-Aquitaine/fluxcen/main/missing_metadata.html
WMS Raster;Risques;Zonage réglementaire des PPR Mouvement de terrain - Affaissements et effondrements (Cavités souterraines) - France métropolitaine;PPRN_ZONE_CAV_FXX_01;https://www.georisques.gouv.fr/services;BRGM;;https://raw.githack.com/CEN-Nouvelle-Aquitaine/fluxcen/main/missing_metadata.html
WMS Raster;Risques;Zonage réglementaire des PPR Mouvement de terrain - Tassements différentiels (Argile) - France métropolitaine;PPRN_ZONE_CAV_FXX_02;https://www.georisques.gouv.fr/services;BRGM;;https://raw.githack.com/CEN-Nouvelle-Aquitaine/fluxcen/main/missing_metadata.html
WMS Raster;Risques;PPR Avalanche - France métropolitaine;PPRN_AVALANCHE_FXX;https://www.georisques.gouv.fr/services;BRGM;;https://raw.githack.com/CEN-Nouvelle-Aquitaine/fluxcen/main/missing_metadata.html
WMS Raster;Risques;Périmètres des PPR Avalanche - France métropolitaine;PPRN_PERIMETRE_AVALANCHE_FXX;https://www.georisques.gouv.fr/services;BRGM;;https://raw.githack.com/CEN-Nouvelle-Aquitaine/fluxcen/main/missing_metadata.html
WMS Raster;Risques;Zonage réglementaire des PPR Avalanche - France métropolitaine;PPRN_ZONE_AVALANCHE_FXX;https://www.georisques.gouv.fr/services;BRGM;;https://raw.githack.com/CEN-Nouvelle-Aquitaine/fluxcen/main/missing_metadata.html
WMS Raster;Risques;PPR Feu de forêt - France métropolitaine;PPRN_FEU_FXX;https://www.georisques.gouv.fr/services;BRGM;;https://raw.githack.com/CEN-Nouvelle-Aquitaine/fluxcen/main/missing_metadata.html
WMS Raster;Risques;Périmètres des PPR Feu de forêt - France métropolitaine;PPRN_PERIMETRE_FEU_FXX;https://www.georisques.gouv.fr/services;BRGM;;https://raw.githack.com/CEN-Nouvelle-Aquitaine/fluxcen/main/missing_metadata.html
WMS Raster;Risques;Zonage réglementaire des PPR Feu de forêt - France métropolitaine;PPRN_ZONE_FEU_FXX;https://www.georisques.gouv.fr/services;BRGM;;https://raw.githack.com/CEN-Nouvelle-Aquitaine/fluxcen/main/missing_metadata.html
WMS Raster;Risques;Canalisations de transport de matières dangereuses : Gaz; Hydrocarbures;https://www.georisques.gouv.fr/services;BRGM;;https://raw.githack.com/CEN-Nouvelle-Aquitaine/fluxcen/main/missing_metadata.html
WMS Raster;Risques;Canalisations de transport de matières dangereuses : Gaz naturel;C_GAZ;https://www.georisques.gouv.fr/services;BRGM;;https://raw.githack.com/CEN-Nouvelle-Aquitaine/fluxcen/main/missing_metadata.html
WMS Raster;Risques;Canalisations de transport de matières dangereuses : Hydrocarbures;C_HYDROCARBURES;https://www.georisques.gouv.fr/services;BRGM;;https://raw.githack.com/CEN-Nouvelle-Aquitaine/fluxcen/main/missing_metadata.html
WMS Raster;Risques;Canalisations de transport de matières dangereuses : Produits chimiques;C_PRODUITS_CHIM;https://www.georisques.gouv.fr/services;BRGM;;https://raw.githack.com/CEN-Nouvelle-Aquitaine/fluxcen/main/missing_metadata.html
WMS Raster;Risques;Secteurs d'information sur les sols (SIS);SSP_CLASSIFICATION_SIS;https://www.georisques.gouv.fr/services;BRGM;;https://raw.githack.com/CEN-Nouvelle-Aquitaine/fluxcen/main/missing_metadata.html
WMS Raster;Risques;Secteur d'Information sur les Sols (SIS) - Etat d'avancement par département;ETAT_SIS;https://www.georisques.gouv.fr/services;BRGM;;https://raw.githack.com/CEN-Nouvelle-Aquitaine/fluxcen/main/missing_metadata.html
WMS Raster;Risques;Servitudes d'utilité publique (SUP);SSP_CLASSIFICATION_SUP;https://www.georisques.gouv.fr/services;BRGM;;https://raw.githack.com/CEN-Nouvelle-Aquitaine/fluxcen/main/missing_metadata.html
WMS Raster;Risques;Anciens sites industriels et activités de service;SSP_ETABLISSEMENT;https://www.georisques.gouv.fr/services;BRGM;;https://raw.githack.com/CEN-Nouvelle-Aquitaine/fluxcen/main/missing_metadata.html
WMS Raster;Risques;Sites pollués ou potentiellement pollués appelant une action des pouvoirs publics; à titre préventif ou curatif (BASOL);SSP_INSTRUCTION;https://www.georisques.gouv.fr/services;BRGM;https://raw.githack.com/CEN-Nouvelle-Aquitaine/fluxcen/main/missing_metadata.html
WMS Raster;Risques;Potentiel radon à la commune;RADON;https://www.georisques.gouv.fr/services;BRGM;;https://raw.githack.com/CEN-Nouvelle-Aquitaine/fluxcen/main/missing_metadata.html
WMS Raster;Risques;Carte nationale des remontées de nappes;REMNAPPE_FR;https://www.georisques.gouv.fr/services;BRGM;;https://raw.githack.com/CEN-Nouvelle-Aquitaine/fluxcen/main/missing_metadata.html
WMS Raster;Risques;Entités hydrogéologiques imperméables à l'affleurement;MASQ_BDLISA;https://www.georisques.gouv.fr/services;BRGM;;https://raw.githack.com/CEN-Nouvelle-Aquitaine/fluxcen/main/missing_metadata.html
WMS Raster;Risques;Enveloppes Approchées des Inondations Potentielles cours d'eau et submersion marine de plus d'un hectare;MASQ_EAIP;https://www.georisques.gouv.fr/services;BRGM;;https://raw.githack.com/CEN-Nouvelle-Aquitaine/fluxcen/main/missing_metadata.html
WMS Raster;Risques;Parcs éoliens terrestres;parc;https://www.georisques.gouv.fr/services;BRGM;;https://raw.githack.com/CEN-Nouvelle-Aquitaine/fluxcen/main/missing_metadata.html
WMS Raster;Risques;Postes de livraison;poste_livraison;https://www.georisques.gouv.fr/services;BRGM;;https://raw.githack.com/CEN-Nouvelle-Aquitaine/fluxcen/main/missing_metadata.html
WMS Raster;Fonds cartos;Carte XVIIIème siècle;XVIII%C3%A8me%20si%C3%A8cle;https://ws.sogefi-web.com/wms;SOGEFI;;https://raw.githack.com/CEN-Nouvelle-Aquitaine/fluxcen/main/missing_metadata.html
WFS;Climat;Régions biogéographiques;regbio_fr;https://ws.carmencarto.fr/WFS/119/fxx_ref;INPN;;https://raw.githack.com/CEN-Nouvelle-Aquitaine/fluxcen/main/missing_metadata.html
WFS;Géodésie;Points géodésiques du Réseau Géodésique Français;geodesie:point_geodesique;https://opendata.cen-nouvelle-aquitaine.org/geoserver/geodesie/wfs?SERVICE=WFS&REQUEST=GetCapabilities;IGN;;https://raw.githack.com/CEN-Nouvelle-Aquitaine/fluxcen/main/missing_metadata.html
WFS;Géodésie;Repères de nivellement géodésiques du Réseau Géodésique Français;geodesie:repere_nivellement;https://opendata.cen-nouvelle-aquitaine.org/geoserver/geodesie/wfs?SERVICE=WFS&REQUEST=GetCapabilities;IGN;;https://raw.githack.com/CEN-Nouvelle-Aquitaine/fluxcen/main/missing_metadata.html
WFS;Géodésie;Sites du Réseau Géodésique Français;geodesie:site_reseau_geodesique;https://opendata.cen-nouvelle-aquitaine.org/geoserver/geodesie/wfs?SERVICE=WFS&REQUEST=GetCapabilities;IGN;;https://raw.githack.com/CEN-Nouvelle-Aquitaine/fluxcen/main/missing_metadata.html
WFS;Géodésie;Triplets de repères de nivellement du Réseau Géodésique Français;geodesie:triplet;https://opendata.cen-nouvelle-aquitaine.org/geoserver/geodesie/wfs?SERVICE=WFS&REQUEST=GetCapabilities;IGN;;https://raw.githack.com/CEN-Nouvelle-Aquitaine/fluxcen/main/missing_metadata.html
WFS;Habitats;Synthèse des habitats cartographiés en ex-Limousin;habitats:synth_habitats_ex_limousin;https://opendata.cen-nouvelle-aquitaine.org/geoserver/habitats/wfs;CEN NA;;https://raw.githack.com/CEN-Nouvelle-Aquitaine/fluxcen/main/missing_metadata.html
WFS;Pédologie;Référentiel Régional Pédologique du département de la Charente;pedologie:RRP_16;https://opendata.cen-nouvelle-aquitaine.org/geoserver/pedologie/wfs;PIGMA;;https://raw.githack.com/CEN-Nouvelle-Aquitaine/fluxcen/main/missing_metadata.html
WFS;Pédologie;Référentiel Régional Pédologique du département de la Charente-Maritime;pedologie:RRP_17;https://opendata.cen-nouvelle-aquitaine.org/geoserver/pedologie/wfs;PIGMA;;https://raw.githack.com/CEN-Nouvelle-Aquitaine/fluxcen/main/missing_metadata.html
WFS;Pédologie;Référentiel Régional Pédologique du département de la Dordogne;pedologie:RRP_24;https://opendata.cen-nouvelle-aquitaine.org/geoserver/pedologie/wfs;PIGMA;;https://raw.githack.com/CEN-Nouvelle-Aquitaine/fluxcen/main/missing_metadata.html
WFS;Pédologie;Référentiel Régional Pédologique du département du Lot-et-Garonne;pedologie:RRP_47;https://opendata.cen-nouvelle-aquitaine.org/geoserver/pedologie/wfs;PIGMA;;https://raw.githack.com/CEN-Nouvelle-Aquitaine/fluxcen/main/missing_metadata.html
WFS;Pédologie;Référentiel Régional Pédologique du département des Pyrénées-Atlantiques;pedologie:RRP_64;https://opendata.cen-nouvelle-aquitaine.org/geoserver/pedologie/wfs;PIGMA;;https://raw.githack.com/CEN-Nouvelle-Aquitaine/fluxcen/main/missing_metadata.html
WFS;Pédologie;Référentiel Régional Pédologique du département des Deux-Sèvres;pedologie:RRP_79;https://opendata.cen-nouvelle-aquitaine.org/geoserver/pedologie/wfs;PIGMA;;https://raw.githack.com/CEN-Nouvelle-Aquitaine/fluxcen/main/missing_metadata.html
WFS;Pédologie;Référentiel Régional Pédologique du département de la Vienne;pedologie:RRP_86;https://opendata.cen-nouvelle-aquitaine.org/geoserver/pedologie/wfs;PIGMA;;https://raw.githack.com/CEN-Nouvelle-Aquitaine/fluxcen/main/missing_metadata.html
WFS;Inventaires zones humides;Zones à dominantes humides EPTB bureau d'etude Asconit (avec eaux superficielles);inventaires_zh:eptb_zdh_asconit_avec_eaux_superficielles;https://opendata.cen-nouvelle-aquitaine.org/geoserver/inventaires_zh/wfs;EPTB Vienne;;https://raw.githack.com/CEN-Nouvelle-Aquitaine/fluxcen/main/missing_metadata.html
WFS;Inventaires zones humides;Zones à dominantes humides EPTB bureau d'etude Asconit;inventaires_zh:eptb_zdh_asconit;https://opendata.cen-nouvelle-aquitaine.org/geoserver/inventaires_zh/wfs;EPTB Vienne;;https://raw.githack.com/CEN-Nouvelle-Aquitaine/fluxcen/main/missing_metadata.html
WFS;Inventaires zones humides;Zones à dominantes humides EPIDOR 2500ème;inventaires_zh:epidor_zdh_2500eme;https://opendata.cen-nouvelle-aquitaine.org/geoserver/inventaires_zh/wfs;EPIDOR;;https://raw.githack.com/CEN-Nouvelle-Aquitaine/fluxcen/main/missing_metadata.html
WFS;Inventaires zones humides;Zones à dominantes humides EPIDOR 5000ème;inventaires_zh:epidor_zdh_5000eme;https://opendata.cen-nouvelle-aquitaine.org/geoserver/inventaires_zh/wfs;EPIDOR;;https://raw.githack.com/CEN-Nouvelle-Aquitaine/fluxcen/main/missing_metadata.html
WFS;Inventaires zones humides;Zones à dominantes humides EPTB bureau d'etude Imageconsult;inventaires_zh:eptb_zdh_imageconsult;https://opendata.cen-nouvelle-aquitaine.org/geoserver/inventaires_zh/wfs;EPTB Vienne;;https://raw.githack.com/CEN-Nouvelle-Aquitaine/fluxcen/main/missing_metadata.html
PostGIS;Couches collaboratives (Bêta test);Piezomètres CEN-NA;piezometres_cenna; ;CEN NA;;https://raw.githack.com/CEN-Nouvelle-Aquitaine/fluxcen/main/missing_metadata.html
WFS;Occupation du sol;Forêts publiques de l'ONF;FOR_PUBL_FR;https://ws.carmencarto.fr/WFS/105/ONF_Forets;ONF;;https://raw.githack.com/CEN-Nouvelle-Aquitaine/fluxcen/main/missing_metadata.html
WFS;Occupation du sol;Parcelles forestières de l'ONF;PARC_PUBL_FR;https://ws.carmencarto.fr/WFS/105/ONF_Forets;ONF;;https://raw.githack.com/CEN-Nouvelle-Aquitaine/fluxcen/main/missing_metadata.html
WFS;Hydrobiologie;Frayères poissons migrateurs;hydrobiologie:geoif_frayeres_migrateurs;https://opendata.cen-nouvelle-aquitaine.org/hydrobiologie/wfs;GeoIF;frayeres;https://raw.githack.com/CEN-Nouvelle-Aquitaine/fluxcen/main/missing_metadata.html
WFS;Urbanisme;Emprises des documents d'urbanisme;wfs_du:document;https://wxs-gpu.mongeoportail.ign.fr/externe/39wtxmgtn23okfbbs1al2lz3/wfs;Géoportail de l’Urbanisme;;https://raw.githack.com/CEN-Nouvelle-Aquitaine/fluxcen/main/missing_metadata.html
WFS;Urbanisme;Zonages des documents d'urbanisme;wfs_du:zone_urba;https://wxs-gpu.mongeoportail.ign.fr/externe/39wtxmgtn23okfbbs1al2lz3/wfs;Géoportail de l’Urbanisme;;https://raw.githack.com/CEN-Nouvelle-Aquitaine/fluxcen/main/missing_metadata.html